INSERT INTO Unidade (NomeUnidade, Cidade, Estado, Pais, Predio, Bloco) VALUES ('Faculdade de Engenharia', 'São Paulo', 'SP', 'Brasil', 'Prédio Central', 'Bloco A');
INSERT INTO Unidade (NomeUnidade, Cidade, Estado, Pais, Predio, Bloco) VALUES ('Faculdade de Medicina', 'Rio de Janeiro', 'RJ', 'Brasil', 'Hospital Universitário', 'Bloco B');
INSERT INTO Unidade (NomeUnidade, Cidade, Estado, Pais, Predio, Bloco) VALUES ('Instituto de Computação', 'Belo Horizonte', 'MG', 'Brasil', 'Torre de Informática', 'Bloco C');
INSERT INTO Unidade (NomeUnidade, Cidade, Estado, Pais, Predio, Bloco) VALUES ('Faculdade de Direito', 'Porto Alegre', 'RS', 'Brasil', 'Edifício Jurídico', 'Bloco D');
INSERT INTO Unidade (NomeUnidade, Cidade, Estado, Pais, Predio, Bloco) VALUES ('Faculdade de Arquitetura', 'Curitiba', 'PR', 'Brasil', 'Prédio de Design', 'Bloco E');
INSERT INTO Unidade (NomeUnidade, Cidade, Estado, Pais, Predio, Bloco) VALUES ('Escola de Comunicação', 'Salvador', 'BA', 'Brasil', 'Edifício Mídia', 'Bloco F');
INSERT INTO Unidade (NomeUnidade, Cidade, Estado, Pais, Predio, Bloco) VALUES ('Faculdade de Educação', 'Fortaleza', 'CE', 'Brasil', 'Bloco de Sala', 'Bloco G');
INSERT INTO Unidade (NomeUnidade, Cidade, Estado, Pais, Predio, Bloco) VALUES ('Instituto de Química', 'Recife', 'PE', 'Brasil', 'Laboratórios', 'Bloco H');
INSERT INTO Unidade (NomeUnidade, Cidade, Estado, Pais, Predio, Bloco) VALUES ('Faculdade de Letras', 'Florianópolis', 'SC', 'Brasil', 'Prédio de Letras', 'Bloco I');
INSERT INTO Unidade (NomeUnidade, Cidade, Estado, Pais, Predio, Bloco) VALUES ('Escola de Música', 'Manaus', 'AM', 'Brasil', 'Auditório', 'Bloco J');
INSERT INTO Unidade (NomeUnidade, Cidade, Estado, Pais, Predio, Bloco) VALUES ('Faculdade de Psicologia', 'Vitória', 'ES', 'Brasil', 'Bloco Psic', 'Bloco K');
INSERT INTO Unidade (NomeUnidade, Cidade, Estado, Pais, Predio, Bloco) VALUES ('Instituto de Física', 'Goiânia', 'GO', 'Brasil', 'Laboratório Físico', 'Bloco L');
INSERT INTO Unidade (NomeUnidade, Cidade, Estado, Pais, Predio, Bloco) VALUES ('Faculdade de Enfermagem', 'Campinas', 'SP', 'Brasil', 'Centro de Saúde', 'Bloco M');
INSERT INTO Unidade (NomeUnidade, Cidade, Estado, Pais, Predio, Bloco) VALUES ('Escola de Administração', 'São Luís', 'MA', 'Brasil', 'Bloco Admin', 'Bloco N');
INSERT INTO Unidade (NomeUnidade, Cidade, Estado, Pais, Predio, Bloco) VALUES ('Faculdade de Farmácia', 'Belém', 'PA', 'Brasil', 'Bloco Farma', 'Bloco O');
INSERT INTO Unidade (NomeUnidade, Cidade, Estado, Pais, Predio, Bloco) VALUES ('Instituto de Biologia', 'Cuiabá', 'MT', 'Brasil', 'Torre Bio', 'Bloco P');
INSERT INTO Unidade (NomeUnidade, Cidade, Estado, Pais, Predio, Bloco) VALUES ('Faculdade de Odontologia', 'Natal', 'RN', 'Brasil', 'Clínica', 'Bloco Q');
INSERT INTO Unidade (NomeUnidade, Cidade, Estado, Pais, Predio, Bloco) VALUES ('Escola de Artes', 'Maceió', 'AL', 'Brasil', 'Ateliê', 'Bloco R');
INSERT INTO Unidade (NomeUnidade, Cidade, Estado, Pais, Predio, Bloco) VALUES ('Instituto de Matemática', 'João Pessoa', 'PB', 'Brasil', 'Bloco Math', 'Bloco S');
INSERT INTO Unidade (NomeUnidade, Cidade, Estado, Pais, Predio, Bloco) VALUES ('Faculdade de Turismo', 'Porto Velho', 'RO', 'Brasil', 'Centro de Turismo', 'Bloco T');
INSERT INTO Usuario (Nome, Sobrenome, Telefone, Sexo, Email, DataNasc, CEP, Numero, TipoUsuario, Senha) VALUES ('João', 'Silva', '(11) 92824-1409', 'M', 'joão.silva@universidade.com.br', '2000-04-29', '42098-000', '115', 'Aluno', 'senha01');
INSERT INTO Usuario (Nome, Sobrenome, Telefone, Sexo, Email, DataNasc, CEP, Numero, TipoUsuario, Senha) VALUES ('Maria', 'Souza', '(11) 93286-2679', 'F', 'maria.souza@universidade.com.br', '2018-05-06', '81482-000', '45', 'Aluno', 'senha02');
INSERT INTO Usuario (Nome, Sobrenome, Telefone, Sexo, Email, DataNasc, CEP, Numero, TipoUsuario, Senha) VALUES ('Pedro', 'Costa', '(11) 97912-1520', 'M', 'pedro.costa@universidade.com.br', '1989-04-29', '22280-000', '112', 'Aluno', 'senha03');
INSERT INTO Usuario (Nome, Sobrenome, Telefone, Sexo, Email, DataNasc, CEP, Numero, TipoUsuario, Senha) VALUES ('Ana', 'Santos', '(11) 94811-9279', 'F', 'ana.santos@universidade.com.br', '2014-12-29', '13478-000', '288', 'Aluno', 'senha04');
INSERT INTO Usuario (Nome, Sobrenome, Telefone, Sexo, Email, DataNasc, CEP, Numero, TipoUsuario, Senha) VALUES ('Lucas', 'Oliveira', '(11) 94257-9928', 'M', 'lucas.oliveira@universidade.com.br', '2006-10-22', '38893-000', '230', 'Aluno', 'senha05');
INSERT INTO Usuario (Nome, Sobrenome, Telefone, Sexo, Email, DataNasc, CEP, Numero, TipoUsuario, Senha) VALUES ('Beatriz', 'Pereira', '(11) 95557-1106', 'F', 'beatriz.pereira@universidade.com.br', '1995-02-24', '65392-000', '175', 'Aluno', 'senha06');
INSERT INTO Usuario (Nome, Sobrenome, Telefone, Sexo, Email, DataNasc, CEP, Numero, TipoUsuario, Senha) VALUES ('Rafael', 'Rodrigues', '(11) 95552-3547', 'M', 'rafael.rodrigues@universidade.com.br', '1997-08-24', '54118-000', '53', 'Aluno', 'senha07');
INSERT INTO Usuario (Nome, Sobrenome, Telefone, Sexo, Email, DataNasc, CEP, Numero, TipoUsuario, Senha) VALUES ('Camila', 'Almeida', '(11) 92519-7224', 'F', 'camila.almeida@universidade.com.br', '1992-04-29', '57052-000', '434', 'Aluno', 'senha08');
INSERT INTO Usuario (Nome, Sobrenome, Telefone, Sexo, Email, DataNasc, CEP, Numero, TipoUsuario, Senha) VALUES ('Gabriel', 'Nascimento', '(11) 96635-5333', 'M', 'gabriel.nascimento@universidade.com.br', '1989-12-08', '70217-000', '275', 'Aluno', 'senha09');
INSERT INTO Usuario (Nome, Sobrenome, Telefone, Sexo, Email, DataNasc, CEP, Numero, TipoUsuario, Senha) VALUES ('Fernanda', 'Lima', '(11) 93045-7201', 'F', 'fernanda.lima@universidade.com.br', '1991-07-11', '82357-000', '151', 'Aluno', 'senha10');
INSERT INTO Usuario (Nome, Sobrenome, Telefone, Sexo, Email, DataNasc, CEP, Numero, TipoUsuario, Senha) VALUES ('Felipe', 'Araújo', '(11) 96925-4150', 'M', 'felipe.araújo@universidade.com.br', '2019-08-05', '19116-000', '24', 'Aluno', 'senha11');
INSERT INTO Usuario (Nome, Sobrenome, Telefone, Sexo, Email, DataNasc, CEP, Numero, TipoUsuario, Senha) VALUES ('Larissa', 'Fernandes', '(11) 94733-5741', 'F', 'larissa.fernandes@universidade.com.br', '1991-07-27', '40512-000', '444', 'Aluno', 'senha12');
INSERT INTO Usuario (Nome, Sobrenome, Telefone, Sexo, Email, DataNasc, CEP, Numero, TipoUsuario, Senha) VALUES ('Bruno', 'Carvalho', '(11) 92654-7227', 'M', 'bruno.carvalho@universidade.com.br', '2000-06-16', '69429-000', '326', 'Aluno', 'senha13');
INSERT INTO Usuario (Nome, Sobrenome, Telefone, Sexo, Email, DataNasc, CEP, Numero, TipoUsuario, Senha) VALUES ('Juliana', 'Gomes', '(11) 96977-3664', 'F', 'juliana.gomes@universidade.com.br', '2004-08-05', '56566-000', '108', 'Aluno', 'senha14');
INSERT INTO Usuario (Nome, Sobrenome, Telefone, Sexo, Email, DataNasc, CEP, Numero, TipoUsuario, Senha) VALUES ('Gustavo', 'Martins', '(11) 95374-2169', 'M', 'gustavo.martins@universidade.com.br', '2015-04-25', '93227-000', '88', 'Aluno', 'senha15');
INSERT INTO Usuario (Nome, Sobrenome, Telefone, Sexo, Email, DataNasc, CEP, Numero, TipoUsuario, Senha) VALUES ('Patrícia', 'Rocha', '(11) 99751-5010', 'F', 'patrícia.rocha@universidade.com.br', '1995-04-27', '70589-000', '195', 'Aluno', 'senha16');
INSERT INTO Usuario (Nome, Sobrenome, Telefone, Sexo, Email, DataNasc, CEP, Numero, TipoUsuario, Senha) VALUES ('Matheus', 'Ribeiro', '(11) 95422-4598', 'M', 'matheus.ribeiro@universidade.com.br', '2018-09-12', '52504-000', '432', 'Aluno', 'senha17');
INSERT INTO Usuario (Nome, Sobrenome, Telefone, Sexo, Email, DataNasc, CEP, Numero, TipoUsuario, Senha) VALUES ('Aline', 'Alves', '(11) 91916-4752', 'F', 'aline.alves@universidade.com.br', '1989-06-05', '51347-000', '206', 'Aluno', 'senha18');
INSERT INTO Usuario (Nome, Sobrenome, Telefone, Sexo, Email, DataNasc, CEP, Numero, TipoUsuario, Senha) VALUES ('Diego', 'Monteiro', '(11) 95386-2084', 'M', 'diego.monteiro@universidade.com.br', '1997-06-14', '84341-000', '449', 'Aluno', 'senha19');
INSERT INTO Usuario (Nome, Sobrenome, Telefone, Sexo, Email, DataNasc, CEP, Numero, TipoUsuario, Senha) VALUES ('Mariana', 'Mendes', '(11) 96155-4483', 'F', 'mariana.mendes@universidade.com.br', '2017-05-22', '75435-000', '203', 'Aluno', 'senha20');
INSERT INTO Usuario (Nome, Sobrenome, Telefone, Sexo, Email, DataNasc, CEP, Numero, TipoUsuario, Senha) VALUES ('André', 'Barbosa', '(11) 98517-3340', 'M', 'andré.barbosa@universidade.com.br', '1999-11-14', '28301-000', '127', 'Professor', 'senha21');
INSERT INTO Usuario (Nome, Sobrenome, Telefone, Sexo, Email, DataNasc, CEP, Numero, TipoUsuario, Senha) VALUES ('Renata', 'Pinto', '(11) 99830-5304', 'F', 'renata.pinto@universidade.com.br', '2014-03-18', '66155-000', '460', 'Professor', 'senha22');
INSERT INTO Usuario (Nome, Sobrenome, Telefone, Sexo, Email, DataNasc, CEP, Numero, TipoUsuario, Senha) VALUES ('Carlos', 'Freitas', '(11) 97543-6930', 'M', 'carlos.freitas@universidade.com.br', '1997-10-29', '28131-000', '261', 'Professor', 'senha23');
INSERT INTO Usuario (Nome, Sobrenome, Telefone, Sexo, Email, DataNasc, CEP, Numero, TipoUsuario, Senha) VALUES ('Tatiana', 'Cardoso', '(11) 99085-2489', 'F', 'tatiana.cardoso@universidade.com.br', '1990-02-06', '24371-000', '79', 'Professor', 'senha24');
INSERT INTO Usuario (Nome, Sobrenome, Telefone, Sexo, Email, DataNasc, CEP, Numero, TipoUsuario, Senha) VALUES ('Ricardo', 'Lopes', '(11) 93621-7916', 'M', 'ricardo.lopes@universidade.com.br', '2014-09-28', '18326-000', '198', 'Professor', 'senha25');
INSERT INTO Usuario (Nome, Sobrenome, Telefone, Sexo, Email, DataNasc, CEP, Numero, TipoUsuario, Senha) VALUES ('Larissa', 'Vieira', '(11) 97252-8668', 'F', 'larissa.vieira@universidade.com.br', '2011-09-22', '42953-000', '498', 'Professor', 'senha26');
INSERT INTO Usuario (Nome, Sobrenome, Telefone, Sexo, Email, DataNasc, CEP, Numero, TipoUsuario, Senha) VALUES ('Fernando', 'Araujo', '(11) 91188-2876', 'M', 'fernando.araujo@universidade.com.br', '2018-07-27', '80381-000', '385', 'Professor', 'senha27');
INSERT INTO Usuario (Nome, Sobrenome, Telefone, Sexo, Email, DataNasc, CEP, Numero, TipoUsuario, Senha) VALUES ('Paula', 'Dias', '(11) 95371-6573', 'F', 'paula.dias@universidade.com.br', '1992-12-28', '48469-000', '223', 'Professor', 'senha28');
INSERT INTO Usuario (Nome, Sobrenome, Telefone, Sexo, Email, DataNasc, CEP, Numero, TipoUsuario, Senha) VALUES ('Leandro', 'Cavalcante', '(11) 93591-8433', 'M', 'leandro.cavalcante@universidade.com.br', '1988-02-19', '44522-000', '498', 'Professor', 'senha29');
INSERT INTO Usuario (Nome, Sobrenome, Telefone, Sexo, Email, DataNasc, CEP, Numero, TipoUsuario, Senha) VALUES ('Sofia', 'Melo', '(11) 99201-3927', 'F', 'sofia.melo@universidade.com.br', '2010-10-05', '23947-000', '446', 'Professor', 'senha30');
INSERT INTO Usuario (Nome, Sobrenome, Telefone, Sexo, Email, DataNasc, CEP, Numero, TipoUsuario, Senha) VALUES ('Marcelo', 'Freitas', '(11) 95889-9317', 'M', 'marcelo.freitas@universidade.com.br', '2015-04-22', '36071-000', '79', 'Professor', 'senha31');
INSERT INTO Usuario (Nome, Sobrenome, Telefone, Sexo, Email, DataNasc, CEP, Numero, TipoUsuario, Senha) VALUES ('Gabriela', 'Peixoto', '(11) 97126-3646', 'F', 'gabriela.peixoto@universidade.com.br', '2012-03-08', '79514-000', '471', 'Professor', 'senha32');
INSERT INTO Usuario (Nome, Sobrenome, Telefone, Sexo, Email, DataNasc, CEP, Numero, TipoUsuario, Senha) VALUES ('Daniel', 'Moraes', '(11) 91009-6310', 'M', 'daniel.moraes@universidade.com.br', '2009-11-27', '12552-000', '58', 'Professor', 'senha33');
INSERT INTO Usuario (Nome, Sobrenome, Telefone, Sexo, Email, DataNasc, CEP, Numero, TipoUsuario, Senha) VALUES ('Isabela', 'Cunha', '(11) 96947-6038', 'F', 'isabela.cunha@universidade.com.br', '1998-09-24', '17592-000', '124', 'Professor', 'senha34');
INSERT INTO Usuario (Nome, Sobrenome, Telefone, Sexo, Email, DataNasc, CEP, Numero, TipoUsuario, Senha) VALUES ('Rodrigo', 'Teixeira', '(11) 92290-2403', 'M', 'rodrigo.teixeira@universidade.com.br', '2009-10-15', '19071-000', '390', 'Professor', 'senha35');
INSERT INTO Usuario (Nome, Sobrenome, Telefone, Sexo, Email, DataNasc, CEP, Numero, TipoUsuario, Senha) VALUES ('Carolina', 'Barros', '(11) 99727-3060', 'F', 'carolina.barros@universidade.com.br', '1993-09-30', '96474-000', '244', 'Professor', 'senha36');
INSERT INTO Usuario (Nome, Sobrenome, Telefone, Sexo, Email, DataNasc, CEP, Numero, TipoUsuario, Senha) VALUES ('Eduardo', 'Castro', '(11) 93705-5342', 'M', 'eduardo.castro@universidade.com.br', '2011-08-29', '89507-000', '217', 'Professor', 'senha37');
INSERT INTO Usuario (Nome, Sobrenome, Telefone, Sexo, Email, DataNasc, CEP, Numero, TipoUsuario, Senha) VALUES ('Simone', 'Ferreira', '(11) 94470-9835', 'F', 'simone.ferreira@universidade.com.br', '2018-12-07', '36365-000', '366', 'Professor', 'senha38');
INSERT INTO Usuario (Nome, Sobrenome, Telefone, Sexo, Email, DataNasc, CEP, Numero, TipoUsuario, Senha) VALUES ('Thiago', 'Moreira', '(11) 96107-7537', 'M', 'thiago.moreira@universidade.com.br', '2018-02-12', '95180-000', '192', 'Professor', 'senha39');
INSERT INTO Usuario (Nome, Sobrenome, Telefone, Sexo, Email, DataNasc, CEP, Numero, TipoUsuario, Senha) VALUES ('Fernanda', 'Nogueira', '(11) 98177-9479', 'F', 'fernanda.nogueira@universidade.com.br', '2008-03-29', '25860-000', '127', 'Professor', 'senha40');
INSERT INTO Usuario (Nome, Sobrenome, Telefone, Sexo, Email, DataNasc, CEP, Numero, TipoUsuario, Senha) VALUES ('Vinícius', 'Xavier', '(11) 94681-2049', 'M', 'vinícius.xavier@universidade.com.br', '2003-02-26', '12757-000', '302', 'FuncionarioAdministrativo', 'senha41');
INSERT INTO Usuario (Nome, Sobrenome, Telefone, Sexo, Email, DataNasc, CEP, Numero, TipoUsuario, Senha) VALUES ('Lorena', 'Ramos', '(11) 94770-4608', 'F', 'lorena.ramos@universidade.com.br', '1988-04-23', '19305-000', '363', 'FuncionarioAdministrativo', 'senha42');
INSERT INTO Usuario (Nome, Sobrenome, Telefone, Sexo, Email, DataNasc, CEP, Numero, TipoUsuario, Senha) VALUES ('Bruno', 'Castro', '(11) 91964-4750', 'M', 'bruno.castro@universidade.com.br', '1991-01-05', '14117-000', '441', 'FuncionarioAdministrativo', 'senha43');
INSERT INTO Usuario (Nome, Sobrenome, Telefone, Sexo, Email, DataNasc, CEP, Numero, TipoUsuario, Senha) VALUES ('Larissa', 'Campos', '(11) 96413-2160', 'F', 'larissa.campos@universidade.com.br', '2011-01-19', '41195-000', '143', 'FuncionarioAdministrativo', 'senha44');
INSERT INTO Usuario (Nome, Sobrenome, Telefone, Sexo, Email, DataNasc, CEP, Numero, TipoUsuario, Senha) VALUES ('Alexandre', 'Peixoto', '(11) 98953-4510', 'M', 'alexandre.peixoto@universidade.com.br', '2012-03-05', '27342-000', '371', 'FuncionarioAdministrativo', 'senha45');
INSERT INTO Usuario (Nome, Sobrenome, Telefone, Sexo, Email, DataNasc, CEP, Numero, TipoUsuario, Senha) VALUES ('Viviane', 'Silveira', '(11) 98744-4981', 'F', 'viviane.silveira@universidade.com.br', '2009-03-16', '63354-000', '98', 'FuncionarioAdministrativo', 'senha46');
INSERT INTO Usuario (Nome, Sobrenome, Telefone, Sexo, Email, DataNasc, CEP, Numero, TipoUsuario, Senha) VALUES ('Ricardo', 'Marques', '(11) 92545-2588', 'M', 'ricardo.marques@universidade.com.br', '2017-07-19', '66498-000', '182', 'FuncionarioAdministrativo', 'senha47');
INSERT INTO Usuario (Nome, Sobrenome, Telefone, Sexo, Email, DataNasc, CEP, Numero, TipoUsuario, Senha) VALUES ('Patrícia', 'Costa', '(11) 97939-7735', 'F', 'patrícia.costa@universidade.com.br', '2008-12-08', '17100-000', '345', 'FuncionarioAdministrativo', 'senha48');
INSERT INTO Usuario (Nome, Sobrenome, Telefone, Sexo, Email, DataNasc, CEP, Numero, TipoUsuario, Senha) VALUES ('Vitor', 'Magalhães', '(11) 92612-1993', 'M', 'vitor.magalhães@universidade.com.br', '2006-01-18', '54473-000', '410', 'FuncionarioAdministrativo', 'senha49');
INSERT INTO Usuario (Nome, Sobrenome, Telefone, Sexo, Email, DataNasc, CEP, Numero, TipoUsuario, Senha) VALUES ('Natália', 'Medeiros', '(11) 92790-5073', 'F', 'natália.medeiros@universidade.com.br', '1996-08-01', '34931-000', '275', 'FuncionarioAdministrativo', 'senha50');
INSERT INTO Usuario (Nome, Sobrenome, Telefone, Sexo, Email, DataNasc, CEP, Numero, TipoUsuario, Senha) VALUES ('Leandro', 'Tavares', '(11) 98350-3296', 'M', 'leandro.tavares@universidade.com.br', '2006-11-30', '34050-000', '143', 'FuncionarioAdministrativo', 'senha51');
INSERT INTO Usuario (Nome, Sobrenome, Telefone, Sexo, Email, DataNasc, CEP, Numero, TipoUsuario, Senha) VALUES ('Juliana', 'Assis', '(11) 98579-5092', 'F', 'juliana.assis@universidade.com.br', '1991-05-16', '68082-000', '414', 'FuncionarioAdministrativo', 'senha52');
INSERT INTO Usuario (Nome, Sobrenome, Telefone, Sexo, Email, DataNasc, CEP, Numero, TipoUsuario, Senha) VALUES ('Felipe', 'Dantas', '(11) 92604-1828', 'M', 'felipe.dantas@universidade.com.br', '2017-03-29', '80855-000', '429', 'FuncionarioAdministrativo', 'senha53');
INSERT INTO Usuario (Nome, Sobrenome, Telefone, Sexo, Email, DataNasc, CEP, Numero, TipoUsuario, Senha) VALUES ('Renata', 'Rocha', '(11) 91241-2528', 'F', 'renata.rocha@universidade.com.br', '1998-08-04', '31798-000', '209', 'FuncionarioAdministrativo', 'senha54');
INSERT INTO Usuario (Nome, Sobrenome, Telefone, Sexo, Email, DataNasc, CEP, Numero, TipoUsuario, Senha) VALUES ('Guilherme', 'Pereira', '(11) 98956-8886', 'M', 'guilherme.pereira@universidade.com.br', '1997-07-30', '62565-000', '463', 'FuncionarioAdministrativo', 'senha55');
INSERT INTO Usuario (Nome, Sobrenome, Telefone, Sexo, Email, DataNasc, CEP, Numero, TipoUsuario, Senha) VALUES ('Mariana', 'Pacheco', '(11) 91960-3697', 'F', 'mariana.pacheco@universidade.com.br', '2004-12-27', '10282-000', '200', 'FuncionarioAdministrativo', 'senha56');
INSERT INTO Usuario (Nome, Sobrenome, Telefone, Sexo, Email, DataNasc, CEP, Numero, TipoUsuario, Senha) VALUES ('Maurício', 'Borges', '(11) 95345-8454', 'M', 'maurício.borges@universidade.com.br', '2000-10-13', '65444-000', '357', 'FuncionarioAdministrativo', 'senha57');
INSERT INTO Usuario (Nome, Sobrenome, Telefone, Sexo, Email, DataNasc, CEP, Numero, TipoUsuario, Senha) VALUES ('Bianca', 'Brandão', '(11) 98973-3536', 'F', 'bianca.brandão@universidade.com.br', '1996-07-04', '48890-000', '112', 'FuncionarioAdministrativo', 'senha58');
INSERT INTO Usuario (Nome, Sobrenome, Telefone, Sexo, Email, DataNasc, CEP, Numero, TipoUsuario, Senha) VALUES ('Sérgio', 'Rezende', '(11) 91958-9883', 'M', 'sérgio.rezende@universidade.com.br', '1990-09-21', '51104-000', '30', 'FuncionarioAdministrativo', 'senha59');
INSERT INTO Usuario (Nome, Sobrenome, Telefone, Sexo, Email, DataNasc, CEP, Numero, TipoUsuario, Senha) VALUES ('Daniela', 'Serra', '(11) 91821-8811', 'F', 'daniela.serra@universidade.com.br', '2010-07-18', '79615-000', '81', 'FuncionarioAdministrativo', 'senha60');
INSERT INTO SalaDeAula (NomeUnidade, NumeroSala, QtdLimite) VALUES ('Faculdade de Engenharia', 1, 44);
INSERT INTO SalaDeAula (NomeUnidade, NumeroSala, QtdLimite) VALUES ('Faculdade de Medicina', 2, 33);
INSERT INTO SalaDeAula (NomeUnidade, NumeroSala, QtdLimite) VALUES ('Instituto de Computação', 3, 65);
INSERT INTO SalaDeAula (NomeUnidade, NumeroSala, QtdLimite) VALUES ('Faculdade de Direito', 4, 61);
INSERT INTO SalaDeAula (NomeUnidade, NumeroSala, QtdLimite) VALUES ('Faculdade de Arquitetura', 5, 58);
INSERT INTO SalaDeAula (NomeUnidade, NumeroSala, QtdLimite) VALUES ('Escola de Comunicação', 6, 47);
INSERT INTO SalaDeAula (NomeUnidade, NumeroSala, QtdLimite) VALUES ('Faculdade de Educação', 7, 43);
INSERT INTO SalaDeAula (NomeUnidade, NumeroSala, QtdLimite) VALUES ('Instituto de Química', 8, 99);
INSERT INTO SalaDeAula (NomeUnidade, NumeroSala, QtdLimite) VALUES ('Faculdade de Letras', 9, 41);
INSERT INTO SalaDeAula (NomeUnidade, NumeroSala, QtdLimite) VALUES ('Escola de Música', 10, 84);
INSERT INTO SalaDeAula (NomeUnidade, NumeroSala, QtdLimite) VALUES ('Faculdade de Psicologia', 11, 34);
INSERT INTO SalaDeAula (NomeUnidade, NumeroSala, QtdLimite) VALUES ('Instituto de Física', 12, 33);
INSERT INTO SalaDeAula (NomeUnidade, NumeroSala, QtdLimite) VALUES ('Faculdade de Enfermagem', 13, 41);
INSERT INTO SalaDeAula (NomeUnidade, NumeroSala, QtdLimite) VALUES ('Escola de Administração', 14, 57);
INSERT INTO SalaDeAula (NomeUnidade, NumeroSala, QtdLimite) VALUES ('Faculdade de Farmácia', 15, 59);
INSERT INTO SalaDeAula (NomeUnidade, NumeroSala, QtdLimite) VALUES ('Instituto de Biologia', 16, 94);
INSERT INTO SalaDeAula (NomeUnidade, NumeroSala, QtdLimite) VALUES ('Faculdade de Odontologia', 17, 33);
INSERT INTO SalaDeAula (NomeUnidade, NumeroSala, QtdLimite) VALUES ('Escola de Artes', 18, 55);
INSERT INTO SalaDeAula (NomeUnidade, NumeroSala, QtdLimite) VALUES ('Instituto de Matemática', 19, 99);
INSERT INTO SalaDeAula (NomeUnidade, NumeroSala, QtdLimite) VALUES ('Faculdade de Turismo', 20, 83);
INSERT INTO Aluno (NomeAluno, SobrenomeAluno, TelefoneAluno, NomeUnidade) VALUES ('João', 'Silva', '(11) 92824-1409', 'Instituto de Química');
INSERT INTO Aluno (NomeAluno, SobrenomeAluno, TelefoneAluno, NomeUnidade) VALUES ('Maria', 'Souza', '(11) 93286-2679', 'Faculdade de Farmácia');
INSERT INTO Aluno (NomeAluno, SobrenomeAluno, TelefoneAluno, NomeUnidade) VALUES ('Pedro', 'Costa', '(11) 97912-1520', 'Instituto de Matemática');
INSERT INTO Aluno (NomeAluno, SobrenomeAluno, TelefoneAluno, NomeUnidade) VALUES ('Ana', 'Santos', '(11) 94811-9279', 'Faculdade de Letras');
INSERT INTO Aluno (NomeAluno, SobrenomeAluno, TelefoneAluno, NomeUnidade) VALUES ('Lucas', 'Oliveira', '(11) 94257-9928', 'Faculdade de Engenharia');
INSERT INTO Aluno (NomeAluno, SobrenomeAluno, TelefoneAluno, NomeUnidade) VALUES ('Beatriz', 'Pereira', '(11) 95557-1106', 'Escola de Comunicação');
INSERT INTO Aluno (NomeAluno, SobrenomeAluno, TelefoneAluno, NomeUnidade) VALUES ('Rafael', 'Rodrigues', '(11) 95552-3547', 'Escola de Administração');
INSERT INTO Aluno (NomeAluno, SobrenomeAluno, TelefoneAluno, NomeUnidade) VALUES ('Camila', 'Almeida', '(11) 92519-7224', 'Faculdade de Psicologia');
INSERT INTO Aluno (NomeAluno, SobrenomeAluno, TelefoneAluno, NomeUnidade) VALUES ('Gabriel', 'Nascimento', '(11) 96635-5333', 'Faculdade de Letras');
INSERT INTO Aluno (NomeAluno, SobrenomeAluno, TelefoneAluno, NomeUnidade) VALUES ('Fernanda', 'Lima', '(11) 93045-7201', 'Faculdade de Arquitetura');
INSERT INTO Aluno (NomeAluno, SobrenomeAluno, TelefoneAluno, NomeUnidade) VALUES ('Felipe', 'Araújo', '(11) 96925-4150', 'Faculdade de Educação');
INSERT INTO Aluno (NomeAluno, SobrenomeAluno, TelefoneAluno, NomeUnidade) VALUES ('Larissa', 'Fernandes', '(11) 94733-5741', 'Faculdade de Psicologia');
INSERT INTO Aluno (NomeAluno, SobrenomeAluno, TelefoneAluno, NomeUnidade) VALUES ('Bruno', 'Carvalho', '(11) 92654-7227', 'Faculdade de Direito');
INSERT INTO Aluno (NomeAluno, SobrenomeAluno, TelefoneAluno, NomeUnidade) VALUES ('Juliana', 'Gomes', '(11) 96977-3664', 'Instituto de Computação');
INSERT INTO Aluno (NomeAluno, SobrenomeAluno, TelefoneAluno, NomeUnidade) VALUES ('Gustavo', 'Martins', '(11) 95374-2169', 'Faculdade de Enfermagem');
INSERT INTO Aluno (NomeAluno, SobrenomeAluno, TelefoneAluno, NomeUnidade) VALUES ('Patrícia', 'Rocha', '(11) 99751-5010', 'Faculdade de Direito');
INSERT INTO Aluno (NomeAluno, SobrenomeAluno, TelefoneAluno, NomeUnidade) VALUES ('Matheus', 'Ribeiro', '(11) 95422-4598', 'Instituto de Física');
INSERT INTO Aluno (NomeAluno, SobrenomeAluno, TelefoneAluno, NomeUnidade) VALUES ('Aline', 'Alves', '(11) 91916-4752', 'Instituto de Física');
INSERT INTO Aluno (NomeAluno, SobrenomeAluno, TelefoneAluno, NomeUnidade) VALUES ('Diego', 'Monteiro', '(11) 95386-2084', 'Faculdade de Turismo');
INSERT INTO Aluno (NomeAluno, SobrenomeAluno, TelefoneAluno, NomeUnidade) VALUES ('Mariana', 'Mendes', '(11) 96155-4483', 'Faculdade de Letras');
INSERT INTO Professor (NomeProf, SobrenomeProf, TelefoneProf, Especializacao, Titulacao, NomeUnidade) VALUES ('André', 'Barbosa', '(11) 98517-3340', 'Especialização em Engenharia', 'Doutor(a)', 'Faculdade de Farmácia');
INSERT INTO Professor (NomeProf, SobrenomeProf, TelefoneProf, Especializacao, Titulacao, NomeUnidade) VALUES ('Renata', 'Pinto', '(11) 99830-5304', 'Especialização em Engenharia', 'Doutor(a)', 'Faculdade de Enfermagem');
INSERT INTO Professor (NomeProf, SobrenomeProf, TelefoneProf, Especializacao, Titulacao, NomeUnidade) VALUES ('Carlos', 'Freitas', '(11) 97543-6930', 'Especialização em Engenharia', 'Doutor(a)', 'Escola de Artes');
INSERT INTO Professor (NomeProf, SobrenomeProf, TelefoneProf, Especializacao, Titulacao, NomeUnidade) VALUES ('Tatiana', 'Cardoso', '(11) 99085-2489', 'Especialização em Medicina', 'Doutor(a)', 'Faculdade de Turismo');
INSERT INTO Professor (NomeProf, SobrenomeProf, TelefoneProf, Especializacao, Titulacao, NomeUnidade) VALUES ('Ricardo', 'Lopes', '(11) 93621-7916', 'Especialização em Medicina', 'Doutor(a)', 'Instituto de Matemática');
INSERT INTO Professor (NomeProf, SobrenomeProf, TelefoneProf, Especializacao, Titulacao, NomeUnidade) VALUES ('Larissa', 'Vieira', '(11) 97252-8668', 'Especialização em Direito', 'Doutor(a)', 'Instituto de Computação');
INSERT INTO Professor (NomeProf, SobrenomeProf, TelefoneProf, Especializacao, Titulacao, NomeUnidade) VALUES ('Fernando', 'Araujo', '(11) 91188-2876', 'Especialização em Engenharia', 'Doutor(a)', 'Instituto de Química');
INSERT INTO Professor (NomeProf, SobrenomeProf, TelefoneProf, Especializacao, Titulacao, NomeUnidade) VALUES ('Paula', 'Dias', '(11) 95371-6573', 'Especialização em Medicina', 'Doutor(a)', 'Instituto de Computação');
INSERT INTO Professor (NomeProf, SobrenomeProf, TelefoneProf, Especializacao, Titulacao, NomeUnidade) VALUES ('Leandro', 'Cavalcante', '(11) 93591-8433', 'Especialização em Direito', 'Doutor(a)', 'Faculdade de Direito');
INSERT INTO Professor (NomeProf, SobrenomeProf, TelefoneProf, Especializacao, Titulacao, NomeUnidade) VALUES ('Sofia', 'Melo', '(11) 99201-3927', 'Especialização em Computação', 'Doutor(a)', 'Faculdade de Letras');
INSERT INTO Professor (NomeProf, SobrenomeProf, TelefoneProf, Especializacao, Titulacao, NomeUnidade) VALUES ('Marcelo', 'Freitas', '(11) 95889-9317', 'Especialização em Computação', 'Doutor(a)', 'Instituto de Física');
INSERT INTO Professor (NomeProf, SobrenomeProf, TelefoneProf, Especializacao, Titulacao, NomeUnidade) VALUES ('Gabriela', 'Peixoto', '(11) 97126-3646', 'Especialização em Direito', 'Doutor(a)', 'Instituto de Física');
INSERT INTO Professor (NomeProf, SobrenomeProf, TelefoneProf, Especializacao, Titulacao, NomeUnidade) VALUES ('Daniel', 'Moraes', '(11) 91009-6310', 'Especialização em Medicina', 'Doutor(a)', 'Faculdade de Educação');
INSERT INTO Professor (NomeProf, SobrenomeProf, TelefoneProf, Especializacao, Titulacao, NomeUnidade) VALUES ('Isabela', 'Cunha', '(11) 96947-6038', 'Especialização em Medicina', 'Doutor(a)', 'Instituto de Computação');
INSERT INTO Professor (NomeProf, SobrenomeProf, TelefoneProf, Especializacao, Titulacao, NomeUnidade) VALUES ('Rodrigo', 'Teixeira', '(11) 92290-2403', 'Especialização em Direito', 'Doutor(a)', 'Escola de Artes');
INSERT INTO Professor (NomeProf, SobrenomeProf, TelefoneProf, Especializacao, Titulacao, NomeUnidade) VALUES ('Carolina', 'Barros', '(11) 99727-3060', 'Especialização em Direito', 'Doutor(a)', 'Escola de Comunicação');
INSERT INTO Professor (NomeProf, SobrenomeProf, TelefoneProf, Especializacao, Titulacao, NomeUnidade) VALUES ('Eduardo', 'Castro', '(11) 93705-5342', 'Especialização em Computação', 'Doutor(a)', 'Faculdade de Enfermagem');
INSERT INTO Professor (NomeProf, SobrenomeProf, TelefoneProf, Especializacao, Titulacao, NomeUnidade) VALUES ('Simone', 'Ferreira', '(11) 94470-9835', 'Especialização em Medicina', 'Doutor(a)', 'Escola de Artes');
INSERT INTO Professor (NomeProf, SobrenomeProf, TelefoneProf, Especializacao, Titulacao, NomeUnidade) VALUES ('Thiago', 'Moreira', '(11) 96107-7537', 'Especialização em Direito', 'Doutor(a)', 'Faculdade de Psicologia');
INSERT INTO Professor (NomeProf, SobrenomeProf, TelefoneProf, Especializacao, Titulacao, NomeUnidade) VALUES ('Fernanda', 'Nogueira', '(11) 98177-9479', 'Especialização em Engenharia', 'Doutor(a)', 'Instituto de Química');
INSERT INTO FuncionarioAdministrativo (NomeAdm, SobrenomeAdm, TelefoneAdm) VALUES ('Vinícius', 'Xavier', '(11) 94681-2049');
INSERT INTO FuncionarioAdministrativo (NomeAdm, SobrenomeAdm, TelefoneAdm) VALUES ('Lorena', 'Ramos', '(11) 94770-4608');
INSERT INTO FuncionarioAdministrativo (NomeAdm, SobrenomeAdm, TelefoneAdm) VALUES ('Bruno', 'Castro', '(11) 91964-4750');
INSERT INTO FuncionarioAdministrativo (NomeAdm, SobrenomeAdm, TelefoneAdm) VALUES ('Larissa', 'Campos', '(11) 96413-2160');
INSERT INTO FuncionarioAdministrativo (NomeAdm, SobrenomeAdm, TelefoneAdm) VALUES ('Alexandre', 'Peixoto', '(11) 98953-4510');
INSERT INTO FuncionarioAdministrativo (NomeAdm, SobrenomeAdm, TelefoneAdm) VALUES ('Viviane', 'Silveira', '(11) 98744-4981');
INSERT INTO FuncionarioAdministrativo (NomeAdm, SobrenomeAdm, TelefoneAdm) VALUES ('Ricardo', 'Marques', '(11) 92545-2588');
INSERT INTO FuncionarioAdministrativo (NomeAdm, SobrenomeAdm, TelefoneAdm) VALUES ('Patrícia', 'Costa', '(11) 97939-7735');
INSERT INTO FuncionarioAdministrativo (NomeAdm, SobrenomeAdm, TelefoneAdm) VALUES ('Vitor', 'Magalhães', '(11) 92612-1993');
INSERT INTO FuncionarioAdministrativo (NomeAdm, SobrenomeAdm, TelefoneAdm) VALUES ('Natália', 'Medeiros', '(11) 92790-5073');
INSERT INTO FuncionarioAdministrativo (NomeAdm, SobrenomeAdm, TelefoneAdm) VALUES ('Leandro', 'Tavares', '(11) 98350-3296');
INSERT INTO FuncionarioAdministrativo (NomeAdm, SobrenomeAdm, TelefoneAdm) VALUES ('Juliana', 'Assis', '(11) 98579-5092');
INSERT INTO FuncionarioAdministrativo (NomeAdm, SobrenomeAdm, TelefoneAdm) VALUES ('Felipe', 'Dantas', '(11) 92604-1828');
INSERT INTO FuncionarioAdministrativo (NomeAdm, SobrenomeAdm, TelefoneAdm) VALUES ('Renata', 'Rocha', '(11) 91241-2528');
INSERT INTO FuncionarioAdministrativo (NomeAdm, SobrenomeAdm, TelefoneAdm) VALUES ('Guilherme', 'Pereira', '(11) 98956-8886');
INSERT INTO FuncionarioAdministrativo (NomeAdm, SobrenomeAdm, TelefoneAdm) VALUES ('Mariana', 'Pacheco', '(11) 91960-3697');
INSERT INTO FuncionarioAdministrativo (NomeAdm, SobrenomeAdm, TelefoneAdm) VALUES ('Maurício', 'Borges', '(11) 95345-8454');
INSERT INTO FuncionarioAdministrativo (NomeAdm, SobrenomeAdm, TelefoneAdm) VALUES ('Bianca', 'Brandão', '(11) 98973-3536');
INSERT INTO FuncionarioAdministrativo (NomeAdm, SobrenomeAdm, TelefoneAdm) VALUES ('Sérgio', 'Rezende', '(11) 91958-9883');
INSERT INTO FuncionarioAdministrativo (NomeAdm, SobrenomeAdm, TelefoneAdm) VALUES ('Daniela', 'Serra', '(11) 91821-8811');
INSERT INTO Departamento (Nome, NomeProfChefe, SobrenomeProfChefe, TelefoneProfChefe) VALUES ('Departamento de Engenharia', 'André', 'Barbosa', '(11) 98517-3340');
INSERT INTO Departamento (Nome, NomeProfChefe, SobrenomeProfChefe, TelefoneProfChefe) VALUES ('Departamento de Medicina', 'Renata', 'Pinto', '(11) 99830-5304');
INSERT INTO Departamento (Nome, NomeProfChefe, SobrenomeProfChefe, TelefoneProfChefe) VALUES ('Departamento de Computação', 'Carlos', 'Freitas', '(11) 97543-6930');
INSERT INTO Departamento (Nome, NomeProfChefe, SobrenomeProfChefe, TelefoneProfChefe) VALUES ('Departamento de Direito', 'Tatiana', 'Cardoso', '(11) 99085-2489');
INSERT INTO Departamento (Nome, NomeProfChefe, SobrenomeProfChefe, TelefoneProfChefe) VALUES ('Departamento de Arquitetura', 'Ricardo', 'Lopes', '(11) 93621-7916');
INSERT INTO Departamento (Nome, NomeProfChefe, SobrenomeProfChefe, TelefoneProfChefe) VALUES ('Departamento de Comunicação', 'Larissa', 'Vieira', '(11) 97252-8668');
INSERT INTO Departamento (Nome, NomeProfChefe, SobrenomeProfChefe, TelefoneProfChefe) VALUES ('Departamento de Educação', 'Fernando', 'Araujo', '(11) 91188-2876');
INSERT INTO Departamento (Nome, NomeProfChefe, SobrenomeProfChefe, TelefoneProfChefe) VALUES ('Departamento de Química', 'Paula', 'Dias', '(11) 95371-6573');
INSERT INTO Departamento (Nome, NomeProfChefe, SobrenomeProfChefe, TelefoneProfChefe) VALUES ('Departamento de Letras', 'Leandro', 'Cavalcante', '(11) 93591-8433');
INSERT INTO Departamento (Nome, NomeProfChefe, SobrenomeProfChefe, TelefoneProfChefe) VALUES ('Departamento de Música', 'Sofia', 'Melo', '(11) 99201-3927');
INSERT INTO Departamento (Nome, NomeProfChefe, SobrenomeProfChefe, TelefoneProfChefe) VALUES ('Departamento de Psicologia', 'Marcelo', 'Freitas', '(11) 95889-9317');
INSERT INTO Departamento (Nome, NomeProfChefe, SobrenomeProfChefe, TelefoneProfChefe) VALUES ('Departamento de Física', 'Gabriela', 'Peixoto', '(11) 97126-3646');
INSERT INTO Departamento (Nome, NomeProfChefe, SobrenomeProfChefe, TelefoneProfChefe) VALUES ('Departamento de Enfermagem', 'Daniel', 'Moraes', '(11) 91009-6310');
INSERT INTO Departamento (Nome, NomeProfChefe, SobrenomeProfChefe, TelefoneProfChefe) VALUES ('Departamento de Administração', 'Isabela', 'Cunha', '(11) 96947-6038');
INSERT INTO Departamento (Nome, NomeProfChefe, SobrenomeProfChefe, TelefoneProfChefe) VALUES ('Departamento de Farmácia', 'Rodrigo', 'Teixeira', '(11) 92290-2403');
INSERT INTO Departamento (Nome, NomeProfChefe, SobrenomeProfChefe, TelefoneProfChefe) VALUES ('Departamento de Biologia', 'Carolina', 'Barros', '(11) 99727-3060');
INSERT INTO Departamento (Nome, NomeProfChefe, SobrenomeProfChefe, TelefoneProfChefe) VALUES ('Departamento de Odontologia', 'Eduardo', 'Castro', '(11) 93705-5342');
INSERT INTO Departamento (Nome, NomeProfChefe, SobrenomeProfChefe, TelefoneProfChefe) VALUES ('Departamento de Artes', 'Simone', 'Ferreira', '(11) 94470-9835');
INSERT INTO Departamento (Nome, NomeProfChefe, SobrenomeProfChefe, TelefoneProfChefe) VALUES ('Departamento de Matemática', 'Thiago', 'Moreira', '(11) 96107-7537');
INSERT INTO Departamento (Nome, NomeProfChefe, SobrenomeProfChefe, TelefoneProfChefe) VALUES ('Departamento de Turismo', 'Fernanda', 'Nogueira', '(11) 98177-9479');
INSERT INTO Curso (Nome, Nivel, CargaHoraria, NumeroVagas, Ementa, CodigoDepartamento, NomeUnidadeSalaPadrao, NumeroSalaPadrao, NomeUnidadeCurso) VALUES ('Curso de Engenharia', 'Fundamental', 120, 122, 'Ementa do curso de engenharia', 1, 'Faculdade de Engenharia', 1, 'Faculdade de Letras');
INSERT INTO Curso (Nome, Nivel, CargaHoraria, NumeroVagas, Ementa, CodigoDepartamento, NomeUnidadeSalaPadrao, NumeroSalaPadrao, NomeUnidadeCurso) VALUES ('Curso de Medicina', 'Fundamental', 94, 165, 'Ementa do curso de medicina', 2, 'Faculdade de Medicina', 2, 'Faculdade de Psicologia');
INSERT INTO Curso (Nome, Nivel, CargaHoraria, NumeroVagas, Ementa, CodigoDepartamento, NomeUnidadeSalaPadrao, NumeroSalaPadrao, NomeUnidadeCurso) VALUES ('Curso de Computação', 'Medio', 167, 121, 'Ementa do curso de computação', 3, 'Instituto de Computação', 3, 'Faculdade de Farmácia');
INSERT INTO Curso (Nome, Nivel, CargaHoraria, NumeroVagas, Ementa, CodigoDepartamento, NomeUnidadeSalaPadrao, NumeroSalaPadrao, NomeUnidadeCurso) VALUES ('Curso de Direito', 'Medio', 107, 55, 'Ementa do curso de direito', 4, 'Faculdade de Direito', 4, 'Instituto de Química');
INSERT INTO Curso (Nome, Nivel, CargaHoraria, NumeroVagas, Ementa, CodigoDepartamento, NomeUnidadeSalaPadrao, NumeroSalaPadrao, NomeUnidadeCurso) VALUES ('Curso de Arquitetura', 'Tecnico', 149, 169, 'Ementa do curso de arquitetura', 5, 'Faculdade de Arquitetura', 5, 'Faculdade de Enfermagem');
INSERT INTO Curso (Nome, Nivel, CargaHoraria, NumeroVagas, Ementa, CodigoDepartamento, NomeUnidadeSalaPadrao, NumeroSalaPadrao, NomeUnidadeCurso) VALUES ('Curso de Comunicação', 'Tecnico', 96, 55, 'Ementa do curso de comunicação', 6, 'Escola de Comunicação', 6, 'Faculdade de Odontologia');
INSERT INTO Curso (Nome, Nivel, CargaHoraria, NumeroVagas, Ementa, CodigoDepartamento, NomeUnidadeSalaPadrao, NumeroSalaPadrao, NomeUnidadeCurso) VALUES ('Curso de Educação', 'Graduacao', 63, 32, 'Ementa do curso de educação', 7, 'Faculdade de Educação', 7, 'Faculdade de Direito');
INSERT INTO Curso (Nome, Nivel, CargaHoraria, NumeroVagas, Ementa, CodigoDepartamento, NomeUnidadeSalaPadrao, NumeroSalaPadrao, NomeUnidadeCurso) VALUES ('Curso de Química', 'Medio', 80, 194, 'Ementa do curso de química', 8, 'Instituto de Química', 8, 'Escola de Administração');
INSERT INTO Curso (Nome, Nivel, CargaHoraria, NumeroVagas, Ementa, CodigoDepartamento, NomeUnidadeSalaPadrao, NumeroSalaPadrao, NomeUnidadeCurso) VALUES ('Curso de Letras', 'Fundamental', 138, 117, 'Ementa do curso de letras', 9, 'Faculdade de Letras', 9, 'Faculdade de Turismo');
INSERT INTO Curso (Nome, Nivel, CargaHoraria, NumeroVagas, Ementa, CodigoDepartamento, NomeUnidadeSalaPadrao, NumeroSalaPadrao, NomeUnidadeCurso) VALUES ('Curso de Música', 'Graduacao', 175, 84, 'Ementa do curso de música', 10, 'Escola de Música', 10, 'Escola de Artes');
INSERT INTO Curso (Nome, Nivel, CargaHoraria, NumeroVagas, Ementa, CodigoDepartamento, NomeUnidadeSalaPadrao, NumeroSalaPadrao, NomeUnidadeCurso) VALUES ('Curso de Psicologia', 'Fundamental', 69, 194, 'Ementa do curso de psicologia', 11, 'Faculdade de Psicologia', 11, 'Escola de Artes');
INSERT INTO Curso (Nome, Nivel, CargaHoraria, NumeroVagas, Ementa, CodigoDepartamento, NomeUnidadeSalaPadrao, NumeroSalaPadrao, NomeUnidadeCurso) VALUES ('Curso de Física', 'Tecnico', 127, 48, 'Ementa do curso de física', 12, 'Instituto de Física', 12, 'Escola de Música');
INSERT INTO Curso (Nome, Nivel, CargaHoraria, NumeroVagas, Ementa, CodigoDepartamento, NomeUnidadeSalaPadrao, NumeroSalaPadrao, NomeUnidadeCurso) VALUES ('Curso de Enfermagem', 'Graduacao', 80, 136, 'Ementa do curso de enfermagem', 13, 'Faculdade de Enfermagem', 13, 'Faculdade de Engenharia');
INSERT INTO Curso (Nome, Nivel, CargaHoraria, NumeroVagas, Ementa, CodigoDepartamento, NomeUnidadeSalaPadrao, NumeroSalaPadrao, NomeUnidadeCurso) VALUES ('Curso de Administração', 'Tecnico', 168, 65, 'Ementa do curso de administração', 14, 'Escola de Administração', 14, 'Faculdade de Odontologia');
INSERT INTO Curso (Nome, Nivel, CargaHoraria, NumeroVagas, Ementa, CodigoDepartamento, NomeUnidadeSalaPadrao, NumeroSalaPadrao, NomeUnidadeCurso) VALUES ('Curso de Farmácia', 'Fundamental', 116, 183, 'Ementa do curso de farmácia', 15, 'Faculdade de Farmácia', 15, 'Faculdade de Odontologia');
INSERT INTO Curso (Nome, Nivel, CargaHoraria, NumeroVagas, Ementa, CodigoDepartamento, NomeUnidadeSalaPadrao, NumeroSalaPadrao, NomeUnidadeCurso) VALUES ('Curso de Biologia', 'Medio', 79, 115, 'Ementa do curso de biologia', 16, 'Instituto de Biologia', 16, 'Escola de Comunicação');
INSERT INTO Curso (Nome, Nivel, CargaHoraria, NumeroVagas, Ementa, CodigoDepartamento, NomeUnidadeSalaPadrao, NumeroSalaPadrao, NomeUnidadeCurso) VALUES ('Curso de Odontologia', 'Fundamental', 122, 145, 'Ementa do curso de odontologia', 17, 'Faculdade de Odontologia', 17, 'Faculdade de Engenharia');
INSERT INTO Curso (Nome, Nivel, CargaHoraria, NumeroVagas, Ementa, CodigoDepartamento, NomeUnidadeSalaPadrao, NumeroSalaPadrao, NomeUnidadeCurso) VALUES ('Curso de Artes', 'Fundamental', 132, 98, 'Ementa do curso de artes', 18, 'Escola de Artes', 18, 'Instituto de Química');
INSERT INTO Curso (Nome, Nivel, CargaHoraria, NumeroVagas, Ementa, CodigoDepartamento, NomeUnidadeSalaPadrao, NumeroSalaPadrao, NomeUnidadeCurso) VALUES ('Curso de Matemática', 'Fundamental', 101, 165, 'Ementa do curso de matemática', 19, 'Instituto de Matemática', 19, 'Instituto de Computação');
INSERT INTO Curso (Nome, Nivel, CargaHoraria, NumeroVagas, Ementa, CodigoDepartamento, NomeUnidadeSalaPadrao, NumeroSalaPadrao, NomeUnidadeCurso) VALUES ('Curso de Turismo', 'Fundamental', 164, 37, 'Ementa do curso de turismo', 20, 'Faculdade de Turismo', 20, 'Escola de Artes');
INSERT INTO Disciplina (Nome, QtdAulasSemanais, MaterialDidatico, NomeUnidade) VALUES ('Arquitetura Contemporânea', 2, 'Projeto Arquitetônico Contemporâneo', 'Faculdade de Arquitetura');
INSERT INTO Disciplina (Nome, QtdAulasSemanais, MaterialDidatico, NomeUnidade) VALUES ('Biologia Molecular', 6, 'Biologia Molecular da Célula', 'Instituto de Biologia');
INSERT INTO Disciplina (Nome, QtdAulasSemanais, MaterialDidatico, NomeUnidade) VALUES ('Teoria da Comunicação', 5, 'Teoria da Comunicação', 'Escola de Comunicação');
INSERT INTO Disciplina (Nome, QtdAulasSemanais, MaterialDidatico, NomeUnidade) VALUES ('Endodontia Avançada', 3, 'Princípios de Endodontia', 'Faculdade de Odontologia');
INSERT INTO Disciplina (Nome, QtdAulasSemanais, MaterialDidatico, NomeUnidade) VALUES ('Administração Geral', 5, 'Administração: Teoria, Processo e Prática', 'Escola de Administração');
INSERT INTO Disciplina (Nome, QtdAulasSemanais, MaterialDidatico, NomeUnidade) VALUES ('História da Arte', 2, 'História da Arte', 'Escola de Artes');
INSERT INTO Disciplina (Nome, QtdAulasSemanais, MaterialDidatico, NomeUnidade) VALUES ('Fundamentos da Pedagogia', 6, 'Fundamentos da Educação', 'Faculdade de Educação');
INSERT INTO Disciplina (Nome, QtdAulasSemanais, MaterialDidatico, NomeUnidade) VALUES ('Teoria Musical', 6, 'Teoria Musical para Iniciantes', 'Escola de Música');
INSERT INTO Disciplina (Nome, QtdAulasSemanais, MaterialDidatico, NomeUnidade) VALUES ('Física Geral I', 4, 'Fundamentos de Física', 'Instituto de Física');
INSERT INTO Disciplina (Nome, QtdAulasSemanais, MaterialDidatico, NomeUnidade) VALUES ('Prótese Dentária', 4, 'Odontologia Preventiva', 'Faculdade de Odontologia');
INSERT INTO Disciplina (Nome, QtdAulasSemanais, MaterialDidatico, NomeUnidade) VALUES ('Introdução ao Direito', 4, 'Introdução ao Estudo do Direito', 'Faculdade de Direito');
INSERT INTO Disciplina (Nome, QtdAulasSemanais, MaterialDidatico, NomeUnidade) VALUES ('Química Orgânica I', 2, 'Química Orgânica', 'Instituto de Química');
INSERT INTO Disciplina (Nome, QtdAulasSemanais, MaterialDidatico, NomeUnidade) VALUES ('Introdução à Psicologia', 1, 'Introdução à Psicologia', 'Faculdade de Psicologia');
INSERT INTO Disciplina (Nome, QtdAulasSemanais, MaterialDidatico, NomeUnidade) VALUES ('Cálculo Diferencial I', 1, 'Cálculo Volume 1', 'Instituto de Matemática');
INSERT INTO Disciplina (Nome, QtdAulasSemanais, MaterialDidatico, NomeUnidade) VALUES ('Química Inorgânica Avançada', 5, 'Química Inorgânica', 'Instituto de Química');
INSERT INTO Disciplina (Nome, QtdAulasSemanais, MaterialDidatico, NomeUnidade) VALUES ('Química Analítica Aplicada', 5, 'Química Analítica', 'Instituto de Química');
INSERT INTO Disciplina (Nome, QtdAulasSemanais, MaterialDidatico, NomeUnidade) VALUES ('Algoritmos e Estruturas de Controle', 1, 'Algoritmos: Teoria e Prática', 'Instituto de Computação');
INSERT INTO Disciplina (Nome, QtdAulasSemanais, MaterialDidatico, NomeUnidade) VALUES ('Semiologia Médica', 6, 'Semiologia Médica', 'Faculdade de Medicina');
INSERT INTO Disciplina (Nome, QtdAulasSemanais, MaterialDidatico, NomeUnidade) VALUES ('Estruturas de Dados', 2, 'Estruturas de Dados com Java', 'Instituto de Computação');
INSERT INTO Disciplina (Nome, QtdAulasSemanais, MaterialDidatico, NomeUnidade) VALUES ('Psicologia Social', 1, 'Psicologia Social', 'Faculdade de Psicologia');
INSERT INTO Oferecimento (CodigoDisciplina, NomeProf, SobrenomeProf, TelefoneProf, InicioPeriodoLetivo, TipoPeriodoLetivo, MaxAlunos, NomeUnidadeSala, NumeroSala) VALUES (1, 'André', 'Barbosa', '(11) 98517-3340', '2025-01-01', 'Semestral', 19, 'Faculdade de Engenharia', 1);
INSERT INTO Oferecimento (CodigoDisciplina, NomeProf, SobrenomeProf, TelefoneProf, InicioPeriodoLetivo, TipoPeriodoLetivo, MaxAlunos, NomeUnidadeSala, NumeroSala) VALUES (2, 'Renata', 'Pinto', '(11) 99830-5304', '2025-01-31', 'Anual', 75, 'Faculdade de Medicina', 2);
INSERT INTO Oferecimento (CodigoDisciplina, NomeProf, SobrenomeProf, TelefoneProf, InicioPeriodoLetivo, TipoPeriodoLetivo, MaxAlunos, NomeUnidadeSala, NumeroSala) VALUES (3, 'Carlos', 'Freitas', '(11) 97543-6930', '2025-01-01', 'Semestral', 40, 'Instituto de Computação', 3);
INSERT INTO Oferecimento (CodigoDisciplina, NomeProf, SobrenomeProf, TelefoneProf, InicioPeriodoLetivo, TipoPeriodoLetivo, MaxAlunos, NomeUnidadeSala, NumeroSala) VALUES (4, 'Tatiana', 'Cardoso', '(11) 99085-2489', '2025-01-31', 'Anual', 45, 'Faculdade de Direito', 4);
INSERT INTO Oferecimento (CodigoDisciplina, NomeProf, SobrenomeProf, TelefoneProf, InicioPeriodoLetivo, TipoPeriodoLetivo, MaxAlunos, NomeUnidadeSala, NumeroSala) VALUES (5, 'Ricardo', 'Lopes', '(11) 93621-7916', '2025-01-01', 'Semestral', 95, 'Faculdade de Arquitetura', 5);
INSERT INTO Oferecimento (CodigoDisciplina, NomeProf, SobrenomeProf, TelefoneProf, InicioPeriodoLetivo, TipoPeriodoLetivo, MaxAlunos, NomeUnidadeSala, NumeroSala) VALUES (6, 'Larissa', 'Vieira', '(11) 97252-8668', '2025-01-31', 'Anual', 72, 'Escola de Comunicação', 6);
INSERT INTO Oferecimento (CodigoDisciplina, NomeProf, SobrenomeProf, TelefoneProf, InicioPeriodoLetivo, TipoPeriodoLetivo, MaxAlunos, NomeUnidadeSala, NumeroSala) VALUES (7, 'Fernando', 'Araujo', '(11) 91188-2876', '2025-01-01', 'Semestral', 37, 'Faculdade de Educação', 7);
INSERT INTO Oferecimento (CodigoDisciplina, NomeProf, SobrenomeProf, TelefoneProf, InicioPeriodoLetivo, TipoPeriodoLetivo, MaxAlunos, NomeUnidadeSala, NumeroSala) VALUES (8, 'Paula', 'Dias', '(11) 95371-6573', '2025-01-31', 'Anual', 79, 'Instituto de Química', 8);
INSERT INTO Oferecimento (CodigoDisciplina, NomeProf, SobrenomeProf, TelefoneProf, InicioPeriodoLetivo, TipoPeriodoLetivo, MaxAlunos, NomeUnidadeSala, NumeroSala) VALUES (9, 'Leandro', 'Cavalcante', '(11) 93591-8433', '2025-01-01', 'Semestral', 26, 'Faculdade de Letras', 9);
INSERT INTO Oferecimento (CodigoDisciplina, NomeProf, SobrenomeProf, TelefoneProf, InicioPeriodoLetivo, TipoPeriodoLetivo, MaxAlunos, NomeUnidadeSala, NumeroSala) VALUES (10, 'Sofia', 'Melo', '(11) 99201-3927', '2025-01-31', 'Anual', 83, 'Escola de Música', 10);
INSERT INTO Oferecimento (CodigoDisciplina, NomeProf, SobrenomeProf, TelefoneProf, InicioPeriodoLetivo, TipoPeriodoLetivo, MaxAlunos, NomeUnidadeSala, NumeroSala) VALUES (11, 'Marcelo', 'Freitas', '(11) 95889-9317', '2025-01-01', 'Semestral', 83, 'Faculdade de Psicologia', 11);
INSERT INTO Oferecimento (CodigoDisciplina, NomeProf, SobrenomeProf, TelefoneProf, InicioPeriodoLetivo, TipoPeriodoLetivo, MaxAlunos, NomeUnidadeSala, NumeroSala) VALUES (12, 'Gabriela', 'Peixoto', '(11) 97126-3646', '2025-01-31', 'Anual', 70, 'Instituto de Física', 12);
INSERT INTO Oferecimento (CodigoDisciplina, NomeProf, SobrenomeProf, TelefoneProf, InicioPeriodoLetivo, TipoPeriodoLetivo, MaxAlunos, NomeUnidadeSala, NumeroSala) VALUES (13, 'Daniel', 'Moraes', '(11) 91009-6310', '2025-01-01', 'Semestral', 41, 'Faculdade de Enfermagem', 13);
INSERT INTO Oferecimento (CodigoDisciplina, NomeProf, SobrenomeProf, TelefoneProf, InicioPeriodoLetivo, TipoPeriodoLetivo, MaxAlunos, NomeUnidadeSala, NumeroSala) VALUES (14, 'Isabela', 'Cunha', '(11) 96947-6038', '2025-01-31', 'Anual', 70, 'Escola de Administração', 14);
INSERT INTO Oferecimento (CodigoDisciplina, NomeProf, SobrenomeProf, TelefoneProf, InicioPeriodoLetivo, TipoPeriodoLetivo, MaxAlunos, NomeUnidadeSala, NumeroSala) VALUES (15, 'Rodrigo', 'Teixeira', '(11) 92290-2403', '2025-01-01', 'Semestral', 62, 'Faculdade de Farmácia', 15);
INSERT INTO Oferecimento (CodigoDisciplina, NomeProf, SobrenomeProf, TelefoneProf, InicioPeriodoLetivo, TipoPeriodoLetivo, MaxAlunos, NomeUnidadeSala, NumeroSala) VALUES (16, 'Carolina', 'Barros', '(11) 99727-3060', '2025-01-31', 'Anual', 34, 'Instituto de Biologia', 16);
INSERT INTO Oferecimento (CodigoDisciplina, NomeProf, SobrenomeProf, TelefoneProf, InicioPeriodoLetivo, TipoPeriodoLetivo, MaxAlunos, NomeUnidadeSala, NumeroSala) VALUES (17, 'Eduardo', 'Castro', '(11) 93705-5342', '2025-01-01', 'Semestral', 22, 'Faculdade de Odontologia', 17);
INSERT INTO Oferecimento (CodigoDisciplina, NomeProf, SobrenomeProf, TelefoneProf, InicioPeriodoLetivo, TipoPeriodoLetivo, MaxAlunos, NomeUnidadeSala, NumeroSala) VALUES (18, 'Simone', 'Ferreira', '(11) 94470-9835', '2025-01-31', 'Anual', 22, 'Escola de Artes', 18);
INSERT INTO Oferecimento (CodigoDisciplina, NomeProf, SobrenomeProf, TelefoneProf, InicioPeriodoLetivo, TipoPeriodoLetivo, MaxAlunos, NomeUnidadeSala, NumeroSala) VALUES (19, 'Thiago', 'Moreira', '(11) 96107-7537', '2025-01-01', 'Semestral', 94, 'Instituto de Matemática', 19);
INSERT INTO Oferecimento (CodigoDisciplina, NomeProf, SobrenomeProf, TelefoneProf, InicioPeriodoLetivo, TipoPeriodoLetivo, MaxAlunos, NomeUnidadeSala, NumeroSala) VALUES (20, 'Fernanda', 'Nogueira', '(11) 98177-9479', '2025-01-31', 'Anual', 65, 'Faculdade de Turismo', 20);
INSERT INTO ProfDiscResponsaveis (NomeProf, SobrenomeProf, TelefoneProf, CodigoDisciplina) VALUES ('André', 'Barbosa', '(11) 98517-3340', 1);
INSERT INTO ProfDiscResponsaveis (NomeProf, SobrenomeProf, TelefoneProf, CodigoDisciplina) VALUES ('Renata', 'Pinto', '(11) 99830-5304', 2);
INSERT INTO ProfDiscResponsaveis (NomeProf, SobrenomeProf, TelefoneProf, CodigoDisciplina) VALUES ('Carlos', 'Freitas', '(11) 97543-6930', 3);
INSERT INTO ProfDiscResponsaveis (NomeProf, SobrenomeProf, TelefoneProf, CodigoDisciplina) VALUES ('Tatiana', 'Cardoso', '(11) 99085-2489', 4);
INSERT INTO ProfDiscResponsaveis (NomeProf, SobrenomeProf, TelefoneProf, CodigoDisciplina) VALUES ('Ricardo', 'Lopes', '(11) 93621-7916', 5);
INSERT INTO ProfDiscResponsaveis (NomeProf, SobrenomeProf, TelefoneProf, CodigoDisciplina) VALUES ('Larissa', 'Vieira', '(11) 97252-8668', 6);
INSERT INTO ProfDiscResponsaveis (NomeProf, SobrenomeProf, TelefoneProf, CodigoDisciplina) VALUES ('Fernando', 'Araujo', '(11) 91188-2876', 7);
INSERT INTO ProfDiscResponsaveis (NomeProf, SobrenomeProf, TelefoneProf, CodigoDisciplina) VALUES ('Paula', 'Dias', '(11) 95371-6573', 8);
INSERT INTO ProfDiscResponsaveis (NomeProf, SobrenomeProf, TelefoneProf, CodigoDisciplina) VALUES ('Leandro', 'Cavalcante', '(11) 93591-8433', 9);
INSERT INTO ProfDiscResponsaveis (NomeProf, SobrenomeProf, TelefoneProf, CodigoDisciplina) VALUES ('Sofia', 'Melo', '(11) 99201-3927', 10);
INSERT INTO ProfDiscResponsaveis (NomeProf, SobrenomeProf, TelefoneProf, CodigoDisciplina) VALUES ('Marcelo', 'Freitas', '(11) 95889-9317', 11);
INSERT INTO ProfDiscResponsaveis (NomeProf, SobrenomeProf, TelefoneProf, CodigoDisciplina) VALUES ('Gabriela', 'Peixoto', '(11) 97126-3646', 12);
INSERT INTO ProfDiscResponsaveis (NomeProf, SobrenomeProf, TelefoneProf, CodigoDisciplina) VALUES ('Daniel', 'Moraes', '(11) 91009-6310', 13);
INSERT INTO ProfDiscResponsaveis (NomeProf, SobrenomeProf, TelefoneProf, CodigoDisciplina) VALUES ('Isabela', 'Cunha', '(11) 96947-6038', 14);
INSERT INTO ProfDiscResponsaveis (NomeProf, SobrenomeProf, TelefoneProf, CodigoDisciplina) VALUES ('Rodrigo', 'Teixeira', '(11) 92290-2403', 15);
INSERT INTO ProfDiscResponsaveis (NomeProf, SobrenomeProf, TelefoneProf, CodigoDisciplina) VALUES ('Carolina', 'Barros', '(11) 99727-3060', 16);
INSERT INTO ProfDiscResponsaveis (NomeProf, SobrenomeProf, TelefoneProf, CodigoDisciplina) VALUES ('Eduardo', 'Castro', '(11) 93705-5342', 17);
INSERT INTO ProfDiscResponsaveis (NomeProf, SobrenomeProf, TelefoneProf, CodigoDisciplina) VALUES ('Simone', 'Ferreira', '(11) 94470-9835', 18);
INSERT INTO ProfDiscResponsaveis (NomeProf, SobrenomeProf, TelefoneProf, CodigoDisciplina) VALUES ('Thiago', 'Moreira', '(11) 96107-7537', 19);
INSERT INTO ProfDiscResponsaveis (NomeProf, SobrenomeProf, TelefoneProf, CodigoDisciplina) VALUES ('Fernanda', 'Nogueira', '(11) 98177-9479', 20);
INSERT INTO Matricula (NomeAluno, SobrenomeAluno, TelefoneAluno, CodigoDisciplina, NomeProf, SobrenomeProf, TelefoneProf, InicioPeriodoLetivo, DataMatricula, StatusMatricula, Taxas, StatusPagamento) VALUES ('João', 'Silva', '(11) 92824-1409', 1, 'André', 'Barbosa', '(11) 98517-3340', '2025-01-01', '2025-01-31', 'cancelada', 2694.31, 'pendente');
INSERT INTO Matricula (NomeAluno, SobrenomeAluno, TelefoneAluno, CodigoDisciplina, NomeProf, SobrenomeProf, TelefoneProf, InicioPeriodoLetivo, DataMatricula, StatusMatricula, Taxas, StatusPagamento) VALUES ('Maria', 'Souza', '(11) 93286-2679', 2, 'Renata', 'Pinto', '(11) 99830-5304', '2025-01-31', '2025-03-02', 'ativa', 3693.46, 'paga');
INSERT INTO Matricula (NomeAluno, SobrenomeAluno, TelefoneAluno, CodigoDisciplina, NomeProf, SobrenomeProf, TelefoneProf, InicioPeriodoLetivo, DataMatricula, StatusMatricula, Taxas, StatusPagamento) VALUES ('Pedro', 'Costa', '(11) 97912-1520', 3, 'Carlos', 'Freitas', '(11) 97543-6930', '2025-01-01', '2025-01-31', 'ativa', 2610.49, 'pendente');
INSERT INTO Matricula (NomeAluno, SobrenomeAluno, TelefoneAluno, CodigoDisciplina, NomeProf, SobrenomeProf, TelefoneProf, InicioPeriodoLetivo, DataMatricula, StatusMatricula, Taxas, StatusPagamento) VALUES ('Ana', 'Santos', '(11) 94811-9279', 4, 'Tatiana', 'Cardoso', '(11) 99085-2489', '2025-01-31', '2025-03-02', 'ativa', 1994.63, 'paga');
INSERT INTO Matricula (NomeAluno, SobrenomeAluno, TelefoneAluno, CodigoDisciplina, NomeProf, SobrenomeProf, TelefoneProf, InicioPeriodoLetivo, DataMatricula, StatusMatricula, Taxas, StatusPagamento) VALUES ('Lucas', 'Oliveira', '(11) 94257-9928', 5, 'Ricardo', 'Lopes', '(11) 93621-7916', '2025-01-01', '2025-01-31', 'cancelada', 1560.73, 'paga');
INSERT INTO Matricula (NomeAluno, SobrenomeAluno, TelefoneAluno, CodigoDisciplina, NomeProf, SobrenomeProf, TelefoneProf, InicioPeriodoLetivo, DataMatricula, StatusMatricula, Taxas, StatusPagamento) VALUES ('Beatriz', 'Pereira', '(11) 95557-1106', 6, 'Larissa', 'Vieira', '(11) 97252-8668', '2025-01-31', '2025-03-02', 'cancelada', 2850.51, 'paga');
INSERT INTO Matricula (NomeAluno, SobrenomeAluno, TelefoneAluno, CodigoDisciplina, NomeProf, SobrenomeProf, TelefoneProf, InicioPeriodoLetivo, DataMatricula, StatusMatricula, Taxas, StatusPagamento) VALUES ('Rafael', 'Rodrigues', '(11) 95552-3547', 7, 'Fernando', 'Araujo', '(11) 91188-2876', '2025-01-01', '2025-01-31', 'cancelada', 4232.09, 'paga');
INSERT INTO Matricula (NomeAluno, SobrenomeAluno, TelefoneAluno, CodigoDisciplina, NomeProf, SobrenomeProf, TelefoneProf, InicioPeriodoLetivo, DataMatricula, StatusMatricula, Taxas, StatusPagamento) VALUES ('Camila', 'Almeida', '(11) 92519-7224', 8, 'Paula', 'Dias', '(11) 95371-6573', '2025-01-31', '2025-03-02', 'ativa', 3608.58, 'paga');
INSERT INTO Matricula (NomeAluno, SobrenomeAluno, TelefoneAluno, CodigoDisciplina, NomeProf, SobrenomeProf, TelefoneProf, InicioPeriodoLetivo, DataMatricula, StatusMatricula, Taxas, StatusPagamento) VALUES ('Gabriel', 'Nascimento', '(11) 96635-5333', 9, 'Leandro', 'Cavalcante', '(11) 93591-8433', '2025-01-01', '2025-01-31', 'ativa', 4705.47, 'paga');
INSERT INTO Matricula (NomeAluno, SobrenomeAluno, TelefoneAluno, CodigoDisciplina, NomeProf, SobrenomeProf, TelefoneProf, InicioPeriodoLetivo, DataMatricula, StatusMatricula, Taxas, StatusPagamento) VALUES ('Fernanda', 'Lima', '(11) 93045-7201', 10, 'Sofia', 'Melo', '(11) 99201-3927', '2025-01-31', '2025-03-02', 'ativa', 2625.66, 'pendente');
INSERT INTO Matricula (NomeAluno, SobrenomeAluno, TelefoneAluno, CodigoDisciplina, NomeProf, SobrenomeProf, TelefoneProf, InicioPeriodoLetivo, DataMatricula, StatusMatricula, Taxas, StatusPagamento) VALUES ('Felipe', 'Araújo', '(11) 96925-4150', 11, 'Marcelo', 'Freitas', '(11) 95889-9317', '2025-01-01', '2025-01-31', 'ativa', 4458.6, 'paga');
INSERT INTO Matricula (NomeAluno, SobrenomeAluno, TelefoneAluno, CodigoDisciplina, NomeProf, SobrenomeProf, TelefoneProf, InicioPeriodoLetivo, DataMatricula, StatusMatricula, Taxas, StatusPagamento) VALUES ('Larissa', 'Fernandes', '(11) 94733-5741', 12, 'Gabriela', 'Peixoto', '(11) 97126-3646', '2025-01-31', '2025-03-02', 'ativa', 2515.89, 'pendente');
INSERT INTO Matricula (NomeAluno, SobrenomeAluno, TelefoneAluno, CodigoDisciplina, NomeProf, SobrenomeProf, TelefoneProf, InicioPeriodoLetivo, DataMatricula, StatusMatricula, Taxas, StatusPagamento) VALUES ('Bruno', 'Carvalho', '(11) 92654-7227', 13, 'Daniel', 'Moraes', '(11) 91009-6310', '2025-01-01', '2025-01-31', 'cancelada', 4706.07, 'pendente');
INSERT INTO Matricula (NomeAluno, SobrenomeAluno, TelefoneAluno, CodigoDisciplina, NomeProf, SobrenomeProf, TelefoneProf, InicioPeriodoLetivo, DataMatricula, StatusMatricula, Taxas, StatusPagamento) VALUES ('Juliana', 'Gomes', '(11) 96977-3664', 14, 'Isabela', 'Cunha', '(11) 96947-6038', '2025-01-31', '2025-03-02', 'cancelada', 2692.03, 'pendente');
INSERT INTO Matricula (NomeAluno, SobrenomeAluno, TelefoneAluno, CodigoDisciplina, NomeProf, SobrenomeProf, TelefoneProf, InicioPeriodoLetivo, DataMatricula, StatusMatricula, Taxas, StatusPagamento) VALUES ('Gustavo', 'Martins', '(11) 95374-2169', 15, 'Rodrigo', 'Teixeira', '(11) 92290-2403', '2025-01-01', '2025-01-31', 'ativa', 1759.59, 'paga');
INSERT INTO Matricula (NomeAluno, SobrenomeAluno, TelefoneAluno, CodigoDisciplina, NomeProf, SobrenomeProf, TelefoneProf, InicioPeriodoLetivo, DataMatricula, StatusMatricula, Taxas, StatusPagamento) VALUES ('Patrícia', 'Rocha', '(11) 99751-5010', 16, 'Carolina', 'Barros', '(11) 99727-3060', '2025-01-31', '2025-03-02', 'ativa', 3316.72, 'paga');
INSERT INTO Matricula (NomeAluno, SobrenomeAluno, TelefoneAluno, CodigoDisciplina, NomeProf, SobrenomeProf, TelefoneProf, InicioPeriodoLetivo, DataMatricula, StatusMatricula, Taxas, StatusPagamento) VALUES ('Matheus', 'Ribeiro', '(11) 95422-4598', 17, 'Eduardo', 'Castro', '(11) 93705-5342', '2025-01-01', '2025-01-31', 'cancelada', 1228.66, 'pendente');
INSERT INTO Matricula (NomeAluno, SobrenomeAluno, TelefoneAluno, CodigoDisciplina, NomeProf, SobrenomeProf, TelefoneProf, InicioPeriodoLetivo, DataMatricula, StatusMatricula, Taxas, StatusPagamento) VALUES ('Aline', 'Alves', '(11) 91916-4752', 18, 'Simone', 'Ferreira', '(11) 94470-9835', '2025-01-31', '2025-03-02', 'ativa', 1227.52, 'paga');
INSERT INTO Matricula (NomeAluno, SobrenomeAluno, TelefoneAluno, CodigoDisciplina, NomeProf, SobrenomeProf, TelefoneProf, InicioPeriodoLetivo, DataMatricula, StatusMatricula, Taxas, StatusPagamento) VALUES ('Diego', 'Monteiro', '(11) 95386-2084', 19, 'Thiago', 'Moreira', '(11) 96107-7537', '2025-01-01', '2025-01-31', 'ativa', 1274.09, 'paga');
INSERT INTO Matricula (NomeAluno, SobrenomeAluno, TelefoneAluno, CodigoDisciplina, NomeProf, SobrenomeProf, TelefoneProf, InicioPeriodoLetivo, DataMatricula, StatusMatricula, Taxas, StatusPagamento) VALUES ('Mariana', 'Mendes', '(11) 96155-4483', 20, 'Fernanda', 'Nogueira', '(11) 98177-9479', '2025-01-31', '2025-03-02', 'ativa', 2615.1, 'paga');
INSERT INTO DataLimiteDeMatricula (CodigoDisciplina, NomeProf, SobrenomeProf, TelefoneProf, InicioPeriodoLetivo, DataLimite) VALUES (1, 'André', 'Barbosa', '(11) 98517-3340', '2025-01-01', '2025-03-02');
INSERT INTO DataLimiteDeMatricula (CodigoDisciplina, NomeProf, SobrenomeProf, TelefoneProf, InicioPeriodoLetivo, DataLimite) VALUES (2, 'Renata', 'Pinto', '(11) 99830-5304', '2025-01-31', '2025-04-01');
INSERT INTO DataLimiteDeMatricula (CodigoDisciplina, NomeProf, SobrenomeProf, TelefoneProf, InicioPeriodoLetivo, DataLimite) VALUES (3, 'Carlos', 'Freitas', '(11) 97543-6930', '2025-01-01', '2025-03-02');
INSERT INTO DataLimiteDeMatricula (CodigoDisciplina, NomeProf, SobrenomeProf, TelefoneProf, InicioPeriodoLetivo, DataLimite) VALUES (4, 'Tatiana', 'Cardoso', '(11) 99085-2489', '2025-01-31', '2025-04-01');
INSERT INTO DataLimiteDeMatricula (CodigoDisciplina, NomeProf, SobrenomeProf, TelefoneProf, InicioPeriodoLetivo, DataLimite) VALUES (5, 'Ricardo', 'Lopes', '(11) 93621-7916', '2025-01-01', '2025-03-02');
INSERT INTO DataLimiteDeMatricula (CodigoDisciplina, NomeProf, SobrenomeProf, TelefoneProf, InicioPeriodoLetivo, DataLimite) VALUES (6, 'Larissa', 'Vieira', '(11) 97252-8668', '2025-01-31', '2025-04-01');
INSERT INTO DataLimiteDeMatricula (CodigoDisciplina, NomeProf, SobrenomeProf, TelefoneProf, InicioPeriodoLetivo, DataLimite) VALUES (7, 'Fernando', 'Araujo', '(11) 91188-2876', '2025-01-01', '2025-03-02');
INSERT INTO DataLimiteDeMatricula (CodigoDisciplina, NomeProf, SobrenomeProf, TelefoneProf, InicioPeriodoLetivo, DataLimite) VALUES (8, 'Paula', 'Dias', '(11) 95371-6573', '2025-01-31', '2025-04-01');
INSERT INTO DataLimiteDeMatricula (CodigoDisciplina, NomeProf, SobrenomeProf, TelefoneProf, InicioPeriodoLetivo, DataLimite) VALUES (9, 'Leandro', 'Cavalcante', '(11) 93591-8433', '2025-01-01', '2025-03-02');
INSERT INTO DataLimiteDeMatricula (CodigoDisciplina, NomeProf, SobrenomeProf, TelefoneProf, InicioPeriodoLetivo, DataLimite) VALUES (10, 'Sofia', 'Melo', '(11) 99201-3927', '2025-01-31', '2025-04-01');
INSERT INTO DataLimiteDeMatricula (CodigoDisciplina, NomeProf, SobrenomeProf, TelefoneProf, InicioPeriodoLetivo, DataLimite) VALUES (11, 'Marcelo', 'Freitas', '(11) 95889-9317', '2025-01-01', '2025-03-02');
INSERT INTO DataLimiteDeMatricula (CodigoDisciplina, NomeProf, SobrenomeProf, TelefoneProf, InicioPeriodoLetivo, DataLimite) VALUES (12, 'Gabriela', 'Peixoto', '(11) 97126-3646', '2025-01-31', '2025-04-01');
INSERT INTO DataLimiteDeMatricula (CodigoDisciplina, NomeProf, SobrenomeProf, TelefoneProf, InicioPeriodoLetivo, DataLimite) VALUES (13, 'Daniel', 'Moraes', '(11) 91009-6310', '2025-01-01', '2025-03-02');
INSERT INTO DataLimiteDeMatricula (CodigoDisciplina, NomeProf, SobrenomeProf, TelefoneProf, InicioPeriodoLetivo, DataLimite) VALUES (14, 'Isabela', 'Cunha', '(11) 96947-6038', '2025-01-31', '2025-04-01');
INSERT INTO DataLimiteDeMatricula (CodigoDisciplina, NomeProf, SobrenomeProf, TelefoneProf, InicioPeriodoLetivo, DataLimite) VALUES (15, 'Rodrigo', 'Teixeira', '(11) 92290-2403', '2025-01-01', '2025-03-02');
INSERT INTO DataLimiteDeMatricula (CodigoDisciplina, NomeProf, SobrenomeProf, TelefoneProf, InicioPeriodoLetivo, DataLimite) VALUES (16, 'Carolina', 'Barros', '(11) 99727-3060', '2025-01-31', '2025-04-01');
INSERT INTO DataLimiteDeMatricula (CodigoDisciplina, NomeProf, SobrenomeProf, TelefoneProf, InicioPeriodoLetivo, DataLimite) VALUES (17, 'Eduardo', 'Castro', '(11) 93705-5342', '2025-01-01', '2025-03-02');
INSERT INTO DataLimiteDeMatricula (CodigoDisciplina, NomeProf, SobrenomeProf, TelefoneProf, InicioPeriodoLetivo, DataLimite) VALUES (18, 'Simone', 'Ferreira', '(11) 94470-9835', '2025-01-31', '2025-04-01');
INSERT INTO DataLimiteDeMatricula (CodigoDisciplina, NomeProf, SobrenomeProf, TelefoneProf, InicioPeriodoLetivo, DataLimite) VALUES (19, 'Thiago', 'Moreira', '(11) 96107-7537', '2025-01-01', '2025-03-02');
INSERT INTO DataLimiteDeMatricula (CodigoDisciplina, NomeProf, SobrenomeProf, TelefoneProf, InicioPeriodoLetivo, DataLimite) VALUES (20, 'Fernanda', 'Nogueira', '(11) 98177-9479', '2025-01-31', '2025-04-01');
INSERT INTO Avaliacao (NomeAluno, SobrenomeAluno, TelefoneAluno, CodigoDisciplina, NomeProf, SobrenomeProf, TelefoneProf, InicioPeriodoLetivo, Comentario, NotaDidatica, NotaMaterial, RelevanciaConteudo, InfraestruturaSala)
VALUES ('João', 'Silva', '(11) 92824-1409', 1, 'André', 'Barbosa', '(11) 98517-3340', '2025-01-01', 'Gostei muito desta disciplina! Conteúdo bem organizado e claro.', 5, 5, 1, 5);
INSERT INTO Avaliacao (NomeAluno, SobrenomeAluno, TelefoneAluno, CodigoDisciplina, NomeProf, SobrenomeProf, TelefoneProf, InicioPeriodoLetivo, Comentario, NotaDidatica, NotaMaterial, RelevanciaConteudo, InfraestruturaSala)
VALUES ('Maria', 'Souza', '(11) 93286-2679', 2, 'Renata', 'Pinto', '(11) 99830-5304', '2025-01-31', 'A disciplina foi desafiadora, mas muito enriquecedora.', 1, 4, 5, 5);
INSERT INTO Avaliacao (NomeAluno, SobrenomeAluno, TelefoneAluno, CodigoDisciplina, NomeProf, SobrenomeProf, TelefoneProf, InicioPeriodoLetivo, Comentario, NotaDidatica, NotaMaterial, RelevanciaConteudo, InfraestruturaSala)
VALUES ('Pedro', 'Costa', '(11) 97912-1520', 3, 'Carlos', 'Freitas', '(11) 97543-6930', '2025-01-01', 'Material didático relevante e exemplos práticos foram ótimos.', 5, 3, 3, 2);
INSERT INTO Avaliacao (NomeAluno, SobrenomeAluno, TelefoneAluno, CodigoDisciplina, NomeProf, SobrenomeProf, TelefoneProf, InicioPeriodoLetivo, Comentario, NotaDidatica, NotaMaterial, RelevanciaConteudo, InfraestruturaSala)
VALUES ('Ana', 'Santos', '(11) 94811-9279', 4, 'Tatiana', 'Cardoso', '(11) 99085-2489', '2025-01-31', 'Professor atencioso e conduziu bem as aulas.', 3, 2, 3, 4);
INSERT INTO Avaliacao (NomeAluno, SobrenomeAluno, TelefoneAluno, CodigoDisciplina, NomeProf, SobrenomeProf, TelefoneProf, InicioPeriodoLetivo, Comentario, NotaDidatica, NotaMaterial, RelevanciaConteudo, InfraestruturaSala)
VALUES ('Lucas', 'Oliveira', '(11) 94257-9928', 5, 'Ricardo', 'Lopes', '(11) 93621-7916', '2025-01-01', 'Gostaria de mais exercícios práticos, mas o conteúdo é excelente.', 2, 3, 4, 3);
INSERT INTO Avaliacao (NomeAluno, SobrenomeAluno, TelefoneAluno, CodigoDisciplina, NomeProf, SobrenomeProf, TelefoneProf, InicioPeriodoLetivo, Comentario, NotaDidatica, NotaMaterial, RelevanciaConteudo, InfraestruturaSala)
VALUES ('Beatriz', 'Pereira', '(11) 95557-1106', 6, 'Larissa', 'Vieira', '(11) 97252-8668', '2025-01-31', 'Avaliação justa, mas infraestrutura da sala precisa melhorar.', 1, 1, 4, 5);
INSERT INTO Avaliacao (NomeAluno, SobrenomeAluno, TelefoneAluno, CodigoDisciplina, NomeProf, SobrenomeProf, TelefoneProf, InicioPeriodoLetivo, Comentario, NotaDidatica, NotaMaterial, RelevanciaConteudo, InfraestruturaSala)
VALUES ('Rafael', 'Rodrigues', '(11) 95552-3547', 7, 'Fernando', 'Araujo', '(11) 91188-2876', '2025-01-01', 'Excelente abordagem teórica e prática equilibrada.', 5, 1, 1, 5);
INSERT INTO Avaliacao (NomeAluno, SobrenomeAluno, TelefoneAluno, CodigoDisciplina, NomeProf, SobrenomeProf, TelefoneProf, InicioPeriodoLetivo, Comentario, NotaDidatica, NotaMaterial, RelevanciaConteudo, InfraestruturaSala)
VALUES ('Camila', 'Almeida', '(11) 92519-7224', 8, 'Paula', 'Dias', '(11) 95371-6573', '2025-01-31', 'Conteúdo atualizado e útil para a carreira.', 2, 5, 3, 2);
INSERT INTO Avaliacao (NomeAluno, SobrenomeAluno, TelefoneAluno, CodigoDisciplina, NomeProf, SobrenomeProf, TelefoneProf, InicioPeriodoLetivo, Comentario, NotaDidatica, NotaMaterial, RelevanciaConteudo, InfraestruturaSala)
VALUES ('Gabriel', 'Nascimento', '(11) 96635-5333', 9, 'Leandro', 'Cavalcante', '(11) 93591-8433', '2025-01-01', 'Dinâmicas de grupo fizeram diferença no aprendizado.', 3, 1, 2, 3);
INSERT INTO Avaliacao (NomeAluno, SobrenomeAluno, TelefoneAluno, CodigoDisciplina, NomeProf, SobrenomeProf, TelefoneProf, InicioPeriodoLetivo, Comentario, NotaDidatica, NotaMaterial, RelevanciaConteudo, InfraestruturaSala)
VALUES ('Fernanda', 'Lima', '(11) 93045-7201', 10, 'Sofia', 'Melo', '(11) 99201-3927', '2025-01-31', 'Carga horária adequada e boa interação com alunos.', 3, 2, 4, 5);
INSERT INTO Avaliacao (NomeAluno, SobrenomeAluno, TelefoneAluno, CodigoDisciplina, NomeProf, SobrenomeProf, TelefoneProf, InicioPeriodoLetivo, Comentario, NotaDidatica, NotaMaterial, RelevanciaConteudo, InfraestruturaSala)
VALUES ('Felipe', 'Araújo', '(11) 96925-4150', 11, 'Marcelo', 'Freitas', '(11) 95889-9317', '2025-01-01', 'Materiais de apoio muito bem selecionados.', 3, 5, 5, 1);
INSERT INTO Avaliacao (NomeAluno, SobrenomeAluno, TelefoneAluno, CodigoDisciplina, NomeProf, SobrenomeProf, TelefoneProf, InicioPeriodoLetivo, Comentario, NotaDidatica, NotaMaterial, RelevanciaConteudo, InfraestruturaSala)
VALUES ('Larissa', 'Fernandes', '(11) 94733-5741', 12, 'Gabriela', 'Peixoto', '(11) 97126-3646', '2025-01-31', 'O professor demonstrou domínio do assunto e motivou a turma.', 5, 3, 1, 2);
INSERT INTO Avaliacao (NomeAluno, SobrenomeAluno, TelefoneAluno, CodigoDisciplina, NomeProf, SobrenomeProf, TelefoneProf, InicioPeriodoLetivo, Comentario, NotaDidatica, NotaMaterial, RelevanciaConteudo, InfraestruturaSala)
VALUES ('Bruno', 'Carvalho', '(11) 92654-7227', 13, 'Daniel', 'Moraes', '(11) 91009-6310', '2025-01-01', 'Estudos de caso foram muito produtivos.', 3, 1, 1, 5);
INSERT INTO Avaliacao (NomeAluno, SobrenomeAluno, TelefoneAluno, CodigoDisciplina, NomeProf, SobrenomeProf, TelefoneProf, InicioPeriodoLetivo, Comentario, NotaDidatica, NotaMaterial, RelevanciaConteudo, InfraestruturaSala)
VALUES ('Juliana', 'Gomes', '(11) 96977-3664', 14, 'Isabela', 'Cunha', '(11) 96947-6038', '2025-01-31', 'Achei a disciplina essencial para minha formação.', 2, 3, 3, 5);
INSERT INTO Avaliacao (NomeAluno, SobrenomeAluno, TelefoneAluno, CodigoDisciplina, NomeProf, SobrenomeProf, TelefoneProf, InicioPeriodoLetivo, Comentario, NotaDidatica, NotaMaterial, RelevanciaConteudo, InfraestruturaSala)
VALUES ('Gustavo', 'Martins', '(11) 95374-2169', 15, 'Rodrigo', 'Teixeira', '(11) 92290-2403', '2025-01-01', 'Metodologia ativa facilitou meu entendimento.', 2, 3, 2, 3);
INSERT INTO Avaliacao (NomeAluno, SobrenomeAluno, TelefoneAluno, CodigoDisciplina, NomeProf, SobrenomeProf, TelefoneProf, InicioPeriodoLetivo, Comentario, NotaDidatica, NotaMaterial, RelevanciaConteudo, InfraestruturaSala)
VALUES ('Patrícia', 'Rocha', '(11) 99751-5010', 16, 'Carolina', 'Barros', '(11) 99727-3060', '2025-01-31', 'A sala estava bem equipada e o ambiente agradável.', 5, 4, 3, 1);
INSERT INTO Avaliacao (NomeAluno, SobrenomeAluno, TelefoneAluno, CodigoDisciplina, NomeProf, SobrenomeProf, TelefoneProf, InicioPeriodoLetivo, Comentario, NotaDidatica, NotaMaterial, RelevanciaConteudo, InfraestruturaSala)
VALUES ('Matheus', 'Ribeiro', '(11) 95422-4598', 17, 'Eduardo', 'Castro', '(11) 93705-5342', '2025-01-01', 'O ritmo das aulas foi adequado e bem dinâmico.', 1, 4, 3, 1);
INSERT INTO Avaliacao (NomeAluno, SobrenomeAluno, TelefoneAluno, CodigoDisciplina, NomeProf, SobrenomeProf, TelefoneProf, InicioPeriodoLetivo, Comentario, NotaDidatica, NotaMaterial, RelevanciaConteudo, InfraestruturaSala)
VALUES ('Aline', 'Alves', '(11) 91916-4752', 18, 'Simone', 'Ferreira', '(11) 94470-9835', '2025-01-31', 'Gostei dos debates promovidos em sala de aula.', 1, 3, 2, 3);
INSERT INTO Avaliacao (NomeAluno, SobrenomeAluno, TelefoneAluno, CodigoDisciplina, NomeProf, SobrenomeProf, TelefoneProf, InicioPeriodoLetivo, Comentario, NotaDidatica, NotaMaterial, RelevanciaConteudo, InfraestruturaSala)
VALUES ('Diego', 'Monteiro', '(11) 95386-2084', 19, 'Thiago', 'Moreira', '(11) 96107-7537', '2025-01-01', 'Feedback construtivo nas avaliações ajudou a melhorar.', 2, 4, 5, 4);
INSERT INTO Avaliacao (NomeAluno, SobrenomeAluno, TelefoneAluno, CodigoDisciplina, NomeProf, SobrenomeProf, TelefoneProf, InicioPeriodoLetivo, Comentario, NotaDidatica, NotaMaterial, RelevanciaConteudo, InfraestruturaSala)
VALUES ('Mariana', 'Mendes', '(11) 96155-4483', 20, 'Fernanda', 'Nogueira', '(11) 98177-9479', '2025-01-31', 'Conteúdo prático e teórico bem balanceado.', 5, 1, 1, 1);
INSERT INTO Notas (NomeAluno, SobrenomeAluno, TelefoneAluno, CodigoDisciplina, NomeProf, SobrenomeProf, TelefoneProf, InicioPeriodoLetivo, Nota) VALUES ('João', 'Silva', '(11) 92824-1409', 1, 'André', 'Barbosa', '(11) 98517-3340', '2025-01-01', 9.45);
INSERT INTO Notas (NomeAluno, SobrenomeAluno, TelefoneAluno, CodigoDisciplina, NomeProf, SobrenomeProf, TelefoneProf, InicioPeriodoLetivo, Nota) VALUES ('Maria', 'Souza', '(11) 93286-2679', 2, 'Renata', 'Pinto', '(11) 99830-5304', '2025-01-31', 6.91);
INSERT INTO Notas (NomeAluno, SobrenomeAluno, TelefoneAluno, CodigoDisciplina, NomeProf, SobrenomeProf, TelefoneProf, InicioPeriodoLetivo, Nota) VALUES ('Pedro', 'Costa', '(11) 97912-1520', 3, 'Carlos', 'Freitas', '(11) 97543-6930', '2025-01-01', 1.49);
INSERT INTO Notas (NomeAluno, SobrenomeAluno, TelefoneAluno, CodigoDisciplina, NomeProf, SobrenomeProf, TelefoneProf, InicioPeriodoLetivo, Nota) VALUES ('Ana', 'Santos', '(11) 94811-9279', 4, 'Tatiana', 'Cardoso', '(11) 99085-2489', '2025-01-31', 0.36);
INSERT INTO Notas (NomeAluno, SobrenomeAluno, TelefoneAluno, CodigoDisciplina, NomeProf, SobrenomeProf, TelefoneProf, InicioPeriodoLetivo, Nota) VALUES ('Lucas', 'Oliveira', '(11) 94257-9928', 5, 'Ricardo', 'Lopes', '(11) 93621-7916', '2025-01-01', 3.69);
INSERT INTO Notas (NomeAluno, SobrenomeAluno, TelefoneAluno, CodigoDisciplina, NomeProf, SobrenomeProf, TelefoneProf, InicioPeriodoLetivo, Nota) VALUES ('Beatriz', 'Pereira', '(11) 95557-1106', 6, 'Larissa', 'Vieira', '(11) 97252-8668', '2025-01-31', 5.53);
INSERT INTO Notas (NomeAluno, SobrenomeAluno, TelefoneAluno, CodigoDisciplina, NomeProf, SobrenomeProf, TelefoneProf, InicioPeriodoLetivo, Nota) VALUES ('Rafael', 'Rodrigues', '(11) 95552-3547', 7, 'Fernando', 'Araujo', '(11) 91188-2876', '2025-01-01', 4.3);
INSERT INTO Notas (NomeAluno, SobrenomeAluno, TelefoneAluno, CodigoDisciplina, NomeProf, SobrenomeProf, TelefoneProf, InicioPeriodoLetivo, Nota) VALUES ('Camila', 'Almeida', '(11) 92519-7224', 8, 'Paula', 'Dias', '(11) 95371-6573', '2025-01-31', 0.42);
INSERT INTO Notas (NomeAluno, SobrenomeAluno, TelefoneAluno, CodigoDisciplina, NomeProf, SobrenomeProf, TelefoneProf, InicioPeriodoLetivo, Nota) VALUES ('Gabriel', 'Nascimento', '(11) 96635-5333', 9, 'Leandro', 'Cavalcante', '(11) 93591-8433', '2025-01-01', 3.65);
INSERT INTO Notas (NomeAluno, SobrenomeAluno, TelefoneAluno, CodigoDisciplina, NomeProf, SobrenomeProf, TelefoneProf, InicioPeriodoLetivo, Nota) VALUES ('Fernanda', 'Lima', '(11) 93045-7201', 10, 'Sofia', 'Melo', '(11) 99201-3927', '2025-01-31', 9.33);
INSERT INTO Notas (NomeAluno, SobrenomeAluno, TelefoneAluno, CodigoDisciplina, NomeProf, SobrenomeProf, TelefoneProf, InicioPeriodoLetivo, Nota) VALUES ('Felipe', 'Araújo', '(11) 96925-4150', 11, 'Marcelo', 'Freitas', '(11) 95889-9317', '2025-01-01', 9.72);
INSERT INTO Notas (NomeAluno, SobrenomeAluno, TelefoneAluno, CodigoDisciplina, NomeProf, SobrenomeProf, TelefoneProf, InicioPeriodoLetivo, Nota) VALUES ('Larissa', 'Fernandes', '(11) 94733-5741', 12, 'Gabriela', 'Peixoto', '(11) 97126-3646', '2025-01-31', 0.4);
INSERT INTO Notas (NomeAluno, SobrenomeAluno, TelefoneAluno, CodigoDisciplina, NomeProf, SobrenomeProf, TelefoneProf, InicioPeriodoLetivo, Nota) VALUES ('Bruno', 'Carvalho', '(11) 92654-7227', 13, 'Daniel', 'Moraes', '(11) 91009-6310', '2025-01-01', 3.58);
INSERT INTO Notas (NomeAluno, SobrenomeAluno, TelefoneAluno, CodigoDisciplina, NomeProf, SobrenomeProf, TelefoneProf, InicioPeriodoLetivo, Nota) VALUES ('Juliana', 'Gomes', '(11) 96977-3664', 14, 'Isabela', 'Cunha', '(11) 96947-6038', '2025-01-31', 6.82);
INSERT INTO Notas (NomeAluno, SobrenomeAluno, TelefoneAluno, CodigoDisciplina, NomeProf, SobrenomeProf, TelefoneProf, InicioPeriodoLetivo, Nota) VALUES ('Gustavo', 'Martins', '(11) 95374-2169', 15, 'Rodrigo', 'Teixeira', '(11) 92290-2403', '2025-01-01', 6.67);
INSERT INTO Notas (NomeAluno, SobrenomeAluno, TelefoneAluno, CodigoDisciplina, NomeProf, SobrenomeProf, TelefoneProf, InicioPeriodoLetivo, Nota) VALUES ('Patrícia', 'Rocha', '(11) 99751-5010', 16, 'Carolina', 'Barros', '(11) 99727-3060', '2025-01-31', 3.54);
INSERT INTO Notas (NomeAluno, SobrenomeAluno, TelefoneAluno, CodigoDisciplina, NomeProf, SobrenomeProf, TelefoneProf, InicioPeriodoLetivo, Nota) VALUES ('Matheus', 'Ribeiro', '(11) 95422-4598', 17, 'Eduardo', 'Castro', '(11) 93705-5342', '2025-01-01', 5.6);
INSERT INTO Notas (NomeAluno, SobrenomeAluno, TelefoneAluno, CodigoDisciplina, NomeProf, SobrenomeProf, TelefoneProf, InicioPeriodoLetivo, Nota) VALUES ('Aline', 'Alves', '(11) 91916-4752', 18, 'Simone', 'Ferreira', '(11) 94470-9835', '2025-01-31', 8.75);
INSERT INTO Notas (NomeAluno, SobrenomeAluno, TelefoneAluno, CodigoDisciplina, NomeProf, SobrenomeProf, TelefoneProf, InicioPeriodoLetivo, Nota) VALUES ('Diego', 'Monteiro', '(11) 95386-2084', 19, 'Thiago', 'Moreira', '(11) 96107-7537', '2025-01-01', 9.74);
INSERT INTO Notas (NomeAluno, SobrenomeAluno, TelefoneAluno, CodigoDisciplina, NomeProf, SobrenomeProf, TelefoneProf, InicioPeriodoLetivo, Nota) VALUES ('Mariana', 'Mendes', '(11) 96155-4483', 20, 'Fernanda', 'Nogueira', '(11) 98177-9479', '2025-01-31', 7.49);
INSERT INTO Bolsas (NomeAluno, SobrenomeAluno, TelefoneAluno, CodigoDisciplina, NomeProf, SobrenomeProf, TelefoneProf, InicioPeriodoLetivo, Bolsa) VALUES ('João', 'Silva', '(11) 92824-1409', 1, 'André', 'Barbosa', '(11) 98517-3340', '2025-01-01', 0.93);
INSERT INTO Bolsas (NomeAluno, SobrenomeAluno, TelefoneAluno, CodigoDisciplina, NomeProf, SobrenomeProf, TelefoneProf, InicioPeriodoLetivo, Bolsa) VALUES ('Maria', 'Souza', '(11) 93286-2679', 2, 'Renata', 'Pinto', '(11) 99830-5304', '2025-01-31', 0.24);
INSERT INTO Bolsas (NomeAluno, SobrenomeAluno, TelefoneAluno, CodigoDisciplina, NomeProf, SobrenomeProf, TelefoneProf, InicioPeriodoLetivo, Bolsa) VALUES ('Pedro', 'Costa', '(11) 97912-1520', 3, 'Carlos', 'Freitas', '(11) 97543-6930', '2025-01-01', 0.16);
INSERT INTO Bolsas (NomeAluno, SobrenomeAluno, TelefoneAluno, CodigoDisciplina, NomeProf, SobrenomeProf, TelefoneProf, InicioPeriodoLetivo, Bolsa) VALUES ('Ana', 'Santos', '(11) 94811-9279', 4, 'Tatiana', 'Cardoso', '(11) 99085-2489', '2025-01-31', 0.8);
INSERT INTO Bolsas (NomeAluno, SobrenomeAluno, TelefoneAluno, CodigoDisciplina, NomeProf, SobrenomeProf, TelefoneProf, InicioPeriodoLetivo, Bolsa) VALUES ('Lucas', 'Oliveira', '(11) 94257-9928', 5, 'Ricardo', 'Lopes', '(11) 93621-7916', '2025-01-01', 0.18);
INSERT INTO Bolsas (NomeAluno, SobrenomeAluno, TelefoneAluno, CodigoDisciplina, NomeProf, SobrenomeProf, TelefoneProf, InicioPeriodoLetivo, Bolsa) VALUES ('Beatriz', 'Pereira', '(11) 95557-1106', 6, 'Larissa', 'Vieira', '(11) 97252-8668', '2025-01-31', 0.41);
INSERT INTO Bolsas (NomeAluno, SobrenomeAluno, TelefoneAluno, CodigoDisciplina, NomeProf, SobrenomeProf, TelefoneProf, InicioPeriodoLetivo, Bolsa) VALUES ('Rafael', 'Rodrigues', '(11) 95552-3547', 7, 'Fernando', 'Araujo', '(11) 91188-2876', '2025-01-01', 0.18);
INSERT INTO Bolsas (NomeAluno, SobrenomeAluno, TelefoneAluno, CodigoDisciplina, NomeProf, SobrenomeProf, TelefoneProf, InicioPeriodoLetivo, Bolsa) VALUES ('Camila', 'Almeida', '(11) 92519-7224', 8, 'Paula', 'Dias', '(11) 95371-6573', '2025-01-31', 0.92);
INSERT INTO Bolsas (NomeAluno, SobrenomeAluno, TelefoneAluno, CodigoDisciplina, NomeProf, SobrenomeProf, TelefoneProf, InicioPeriodoLetivo, Bolsa) VALUES ('Gabriel', 'Nascimento', '(11) 96635-5333', 9, 'Leandro', 'Cavalcante', '(11) 93591-8433', '2025-01-01', 0.78);
INSERT INTO Bolsas (NomeAluno, SobrenomeAluno, TelefoneAluno, CodigoDisciplina, NomeProf, SobrenomeProf, TelefoneProf, InicioPeriodoLetivo, Bolsa) VALUES ('Fernanda', 'Lima', '(11) 93045-7201', 10, 'Sofia', 'Melo', '(11) 99201-3927', '2025-01-31', 0.41);
INSERT INTO Bolsas (NomeAluno, SobrenomeAluno, TelefoneAluno, CodigoDisciplina, NomeProf, SobrenomeProf, TelefoneProf, InicioPeriodoLetivo, Bolsa) VALUES ('Felipe', 'Araújo', '(11) 96925-4150', 11, 'Marcelo', 'Freitas', '(11) 95889-9317', '2025-01-01', 0.67);
INSERT INTO Bolsas (NomeAluno, SobrenomeAluno, TelefoneAluno, CodigoDisciplina, NomeProf, SobrenomeProf, TelefoneProf, InicioPeriodoLetivo, Bolsa) VALUES ('Larissa', 'Fernandes', '(11) 94733-5741', 12, 'Gabriela', 'Peixoto', '(11) 97126-3646', '2025-01-31', 0.74);
INSERT INTO Bolsas (NomeAluno, SobrenomeAluno, TelefoneAluno, CodigoDisciplina, NomeProf, SobrenomeProf, TelefoneProf, InicioPeriodoLetivo, Bolsa) VALUES ('Bruno', 'Carvalho', '(11) 92654-7227', 13, 'Daniel', 'Moraes', '(11) 91009-6310', '2025-01-01', 0.25);
INSERT INTO Bolsas (NomeAluno, SobrenomeAluno, TelefoneAluno, CodigoDisciplina, NomeProf, SobrenomeProf, TelefoneProf, InicioPeriodoLetivo, Bolsa) VALUES ('Juliana', 'Gomes', '(11) 96977-3664', 14, 'Isabela', 'Cunha', '(11) 96947-6038', '2025-01-31', 0.16);
INSERT INTO Bolsas (NomeAluno, SobrenomeAluno, TelefoneAluno, CodigoDisciplina, NomeProf, SobrenomeProf, TelefoneProf, InicioPeriodoLetivo, Bolsa) VALUES ('Gustavo', 'Martins', '(11) 95374-2169', 15, 'Rodrigo', 'Teixeira', '(11) 92290-2403', '2025-01-01', 0.7);
INSERT INTO Bolsas (NomeAluno, SobrenomeAluno, TelefoneAluno, CodigoDisciplina, NomeProf, SobrenomeProf, TelefoneProf, InicioPeriodoLetivo, Bolsa) VALUES ('Patrícia', 'Rocha', '(11) 99751-5010', 16, 'Carolina', 'Barros', '(11) 99727-3060', '2025-01-31', 0.38);
INSERT INTO Bolsas (NomeAluno, SobrenomeAluno, TelefoneAluno, CodigoDisciplina, NomeProf, SobrenomeProf, TelefoneProf, InicioPeriodoLetivo, Bolsa) VALUES ('Matheus', 'Ribeiro', '(11) 95422-4598', 17, 'Eduardo', 'Castro', '(11) 93705-5342', '2025-01-01', 0.04);
INSERT INTO Bolsas (NomeAluno, SobrenomeAluno, TelefoneAluno, CodigoDisciplina, NomeProf, SobrenomeProf, TelefoneProf, InicioPeriodoLetivo, Bolsa) VALUES ('Aline', 'Alves', '(11) 91916-4752', 18, 'Simone', 'Ferreira', '(11) 94470-9835', '2025-01-31', 0.47);
INSERT INTO Bolsas (NomeAluno, SobrenomeAluno, TelefoneAluno, CodigoDisciplina, NomeProf, SobrenomeProf, TelefoneProf, InicioPeriodoLetivo, Bolsa) VALUES ('Diego', 'Monteiro', '(11) 95386-2084', 19, 'Thiago', 'Moreira', '(11) 96107-7537', '2025-01-01', 0.2);
INSERT INTO Bolsas (NomeAluno, SobrenomeAluno, TelefoneAluno, CodigoDisciplina, NomeProf, SobrenomeProf, TelefoneProf, InicioPeriodoLetivo, Bolsa) VALUES ('Mariana', 'Mendes', '(11) 96155-4483', 20, 'Fernanda', 'Nogueira', '(11) 98177-9479', '2025-01-31', 0.92);
INSERT INTO PreReqDisciplina (CodigoUnicoCurso, CodigoDisciplina) VALUES (1, 2);
INSERT INTO PreReqDisciplina (CodigoUnicoCurso, CodigoDisciplina) VALUES (2, 3);
INSERT INTO PreReqDisciplina (CodigoUnicoCurso, CodigoDisciplina) VALUES (3, 4);
INSERT INTO PreReqDisciplina (CodigoUnicoCurso, CodigoDisciplina) VALUES (4, 5);
INSERT INTO PreReqDisciplina (CodigoUnicoCurso, CodigoDisciplina) VALUES (5, 6);
INSERT INTO PreReqDisciplina (CodigoUnicoCurso, CodigoDisciplina) VALUES (6, 7);
INSERT INTO PreReqDisciplina (CodigoUnicoCurso, CodigoDisciplina) VALUES (7, 8);
INSERT INTO PreReqDisciplina (CodigoUnicoCurso, CodigoDisciplina) VALUES (8, 9);
INSERT INTO PreReqDisciplina (CodigoUnicoCurso, CodigoDisciplina) VALUES (9, 10);
INSERT INTO PreReqDisciplina (CodigoUnicoCurso, CodigoDisciplina) VALUES (10, 11);
INSERT INTO PreReqDisciplina (CodigoUnicoCurso, CodigoDisciplina) VALUES (11, 12);
INSERT INTO PreReqDisciplina (CodigoUnicoCurso, CodigoDisciplina) VALUES (12, 13);
INSERT INTO PreReqDisciplina (CodigoUnicoCurso, CodigoDisciplina) VALUES (13, 14);
INSERT INTO PreReqDisciplina (CodigoUnicoCurso, CodigoDisciplina) VALUES (14, 15);
INSERT INTO PreReqDisciplina (CodigoUnicoCurso, CodigoDisciplina) VALUES (15, 16);
INSERT INTO PreReqDisciplina (CodigoUnicoCurso, CodigoDisciplina) VALUES (16, 17);
INSERT INTO PreReqDisciplina (CodigoUnicoCurso, CodigoDisciplina) VALUES (17, 18);
INSERT INTO PreReqDisciplina (CodigoUnicoCurso, CodigoDisciplina) VALUES (18, 19);
INSERT INTO PreReqDisciplina (CodigoUnicoCurso, CodigoDisciplina) VALUES (19, 20);
INSERT INTO PreReqDisciplina (CodigoUnicoCurso, CodigoDisciplina) VALUES (20, 1);
INSERT INTO ComposicaoCurso (CodigoUnicoCurso, CodigoDisciplina) VALUES (1, 3);
INSERT INTO ComposicaoCurso (CodigoUnicoCurso, CodigoDisciplina) VALUES (2, 4);
INSERT INTO ComposicaoCurso (CodigoUnicoCurso, CodigoDisciplina) VALUES (3, 5);
INSERT INTO ComposicaoCurso (CodigoUnicoCurso, CodigoDisciplina) VALUES (4, 6);
INSERT INTO ComposicaoCurso (CodigoUnicoCurso, CodigoDisciplina) VALUES (5, 7);
INSERT INTO ComposicaoCurso (CodigoUnicoCurso, CodigoDisciplina) VALUES (6, 8);
INSERT INTO ComposicaoCurso (CodigoUnicoCurso, CodigoDisciplina) VALUES (7, 9);
INSERT INTO ComposicaoCurso (CodigoUnicoCurso, CodigoDisciplina) VALUES (8, 10);
INSERT INTO ComposicaoCurso (CodigoUnicoCurso, CodigoDisciplina) VALUES (9, 11);
INSERT INTO ComposicaoCurso (CodigoUnicoCurso, CodigoDisciplina) VALUES (10, 12);
INSERT INTO ComposicaoCurso (CodigoUnicoCurso, CodigoDisciplina) VALUES (11, 13);
INSERT INTO ComposicaoCurso (CodigoUnicoCurso, CodigoDisciplina) VALUES (12, 14);
INSERT INTO ComposicaoCurso (CodigoUnicoCurso, CodigoDisciplina) VALUES (13, 15);
INSERT INTO ComposicaoCurso (CodigoUnicoCurso, CodigoDisciplina) VALUES (14, 16);
INSERT INTO ComposicaoCurso (CodigoUnicoCurso, CodigoDisciplina) VALUES (15, 17);
INSERT INTO ComposicaoCurso (CodigoUnicoCurso, CodigoDisciplina) VALUES (16, 18);
INSERT INTO ComposicaoCurso (CodigoUnicoCurso, CodigoDisciplina) VALUES (17, 19);
INSERT INTO ComposicaoCurso (CodigoUnicoCurso, CodigoDisciplina) VALUES (18, 20);
INSERT INTO ComposicaoCurso (CodigoUnicoCurso, CodigoDisciplina) VALUES (19, 1);
INSERT INTO ComposicaoCurso (CodigoUnicoCurso, CodigoDisciplina) VALUES (20, 2);
INSERT INTO PreReqCurso (CodigoCurso, CodigoCursoPreReq) VALUES (1, 4);
INSERT INTO PreReqCurso (CodigoCurso, CodigoCursoPreReq) VALUES (2, 5);
INSERT INTO PreReqCurso (CodigoCurso, CodigoCursoPreReq) VALUES (3, 6);
INSERT INTO PreReqCurso (CodigoCurso, CodigoCursoPreReq) VALUES (4, 7);
INSERT INTO PreReqCurso (CodigoCurso, CodigoCursoPreReq) VALUES (5, 8);
INSERT INTO PreReqCurso (CodigoCurso, CodigoCursoPreReq) VALUES (6, 9);
INSERT INTO PreReqCurso (CodigoCurso, CodigoCursoPreReq) VALUES (7, 10);
INSERT INTO PreReqCurso (CodigoCurso, CodigoCursoPreReq) VALUES (8, 11);
INSERT INTO PreReqCurso (CodigoCurso, CodigoCursoPreReq) VALUES (9, 12);
INSERT INTO PreReqCurso (CodigoCurso, CodigoCursoPreReq) VALUES (10, 13);
INSERT INTO PreReqCurso (CodigoCurso, CodigoCursoPreReq) VALUES (11, 14);
INSERT INTO PreReqCurso (CodigoCurso, CodigoCursoPreReq) VALUES (12, 15);
INSERT INTO PreReqCurso (CodigoCurso, CodigoCursoPreReq) VALUES (13, 16);
INSERT INTO PreReqCurso (CodigoCurso, CodigoCursoPreReq) VALUES (14, 17);
INSERT INTO PreReqCurso (CodigoCurso, CodigoCursoPreReq) VALUES (15, 18);
INSERT INTO PreReqCurso (CodigoCurso, CodigoCursoPreReq) VALUES (16, 19);
INSERT INTO PreReqCurso (CodigoCurso, CodigoCursoPreReq) VALUES (17, 20);
INSERT INTO PreReqCurso (CodigoCurso, CodigoCursoPreReq) VALUES (18, 1);
INSERT INTO PreReqCurso (CodigoCurso, CodigoCursoPreReq) VALUES (19, 2);
INSERT INTO PreReqCurso (CodigoCurso, CodigoCursoPreReq) VALUES (20, 3);
INSERT INTO Mensagem (Texto) VALUES ('A prova de quarta foi adiada para sexta-feira.');
INSERT INTO Mensagem (Texto) VALUES ('Entrega do trabalho final de Arquitetura: dia 10/07.');
INSERT INTO Mensagem (Texto) VALUES ('Seminário de Biologia Molecular na próxima segunda, às 14h.');
INSERT INTO Mensagem (Texto) VALUES ('A biblioteca estará fechada no feriado de 12 de junho.');
INSERT INTO Mensagem (Texto) VALUES ('Recursos da disciplina de Direito atualizados no site.');
INSERT INTO Mensagem (Texto) VALUES ('Aulas práticas de Química Inorgânica transferidas para o laboratório B.');
INSERT INTO Mensagem (Texto) VALUES ('Palestra de Psicologia Social: 15/07, Auditório Principal.');
INSERT INTO Mensagem (Texto) VALUES ('Workshop de Algoritmos em Python: inscrições até 05/07.');
INSERT INTO Mensagem (Texto) VALUES ('Sessão de feedback de TCC agendada para dia 22/06.');
INSERT INTO Mensagem (Texto) VALUES ('Manutenção no laboratório de Informática amanhã das 8h às 12h.');
INSERT INTO Mensagem (Texto) VALUES ('Sessão de orientação de estágio em Administração: quarta, 16h.');
INSERT INTO Mensagem (Texto) VALUES ('Filme educativo na Escola de Artes, 18/07, Sala 3.');
INSERT INTO Mensagem (Texto) VALUES ('Visita técnica ao museu de Física: 25/06, saída às 9h.');
INSERT INTO Mensagem (Texto) VALUES ('Aula extra de Cálculo Diferencial para revisão: quinta, 10h.');
INSERT INTO Mensagem (Texto) VALUES ('Seminário de Semiologia Médica com casos clínicos: 27/06.');
INSERT INTO Mensagem (Texto) VALUES ('Data limite para inscrição no intercâmbio: 30/06.');
INSERT INTO Mensagem (Texto) VALUES ('Nova edição do periódico de Computação disponível online.');
INSERT INTO Mensagem (Texto) VALUES ('Encontro de ex-alunos da Faculdade de Medicina: 20/07.');
INSERT INTO Mensagem (Texto) VALUES ('Campanha de doação de sangue no campus: 29 e 30 de junho.');
INSERT INTO Mensagem (Texto) VALUES ('Pesquisa de satisfação: responda até 28/06 e ganhe certificado.');
INSERT INTO Aviso (Texto, NomeUsuario, SobrenomeUsuario, TelefoneUsuario) VALUES ('Segunda-feira haverá manutenção dos ar-condicionados das 15h às 16h.', 'Carlos', 'Freitas', '(11) 97543-6930');
INSERT INTO Aviso (Texto, NomeUsuario, SobrenomeUsuario, TelefoneUsuario) VALUES ('Prazo para entrega do relatório de estágio encerra-se em 05/07.', 'Mariana', 'Mendes', '(11) 96155-4483');
INSERT INTO Aviso (Texto, NomeUsuario, SobrenomeUsuario, TelefoneUsuario) VALUES ('Biblioteca fechará mais cedo amanhã, às 18h.', 'Felipe', 'Dantas', '(11) 92604-1828');
INSERT INTO Aviso (Texto, NomeUsuario, SobrenomeUsuario, TelefoneUsuario) VALUES ('Inscrições para a oficina de fotografia terminam na sexta-feira.', 'Leandro', 'Tavares', '(11) 98350-3296');
INSERT INTO Aviso (Texto, NomeUsuario, SobrenomeUsuario, TelefoneUsuario) VALUES ('Gincana estudantil será no próximo sábado, às 9h, no ginásio.', 'Mariana', 'Pacheco', '(11) 91960-3697');
INSERT INTO Aviso (Texto, NomeUsuario, SobrenomeUsuario, TelefoneUsuario) VALUES ('Reunião do conselho de curso toda terça-feira, sala 101.', 'Gustavo', 'Martins', '(11) 95374-2169');
INSERT INTO Aviso (Texto, NomeUsuario, SobrenomeUsuario, TelefoneUsuario) VALUES ('Novo regulamento de estágio disponível no portal acadêmico.', 'Gustavo', 'Martins', '(11) 95374-2169');
INSERT INTO Aviso (Texto, NomeUsuario, SobrenomeUsuario, TelefoneUsuario) VALUES ('Atualização do sistema de matrícula programada para quinta-feira.', 'Maria', 'Souza', '(11) 93286-2679');
INSERT INTO Aviso (Texto, NomeUsuario, SobrenomeUsuario, TelefoneUsuario) VALUES ('Palestra sobre saúde mental dia 15/07 às 14h no auditório principal.', 'Bruno', 'Castro', '(11) 91964-4750');
INSERT INTO Aviso (Texto, NomeUsuario, SobrenomeUsuario, TelefoneUsuario) VALUES ('Entrega de certificados do curso intensivo dia 20/07, sala 203.', 'Bruno', 'Carvalho', '(11) 92654-7227');
INSERT INTO Aviso (Texto, NomeUsuario, SobrenomeUsuario, TelefoneUsuario) VALUES ('Bloqueio de acesso ao estacionamento na quarta-feira, 22/06.', 'Larissa', 'Vieira', '(11) 97252-8668');
INSERT INTO Aviso (Texto, NomeUsuario, SobrenomeUsuario, TelefoneUsuario) VALUES ('Teste de laboratório de química reagendado para 30/06.', 'Renata', 'Pinto', '(11) 99830-5304');
INSERT INTO Aviso (Texto, NomeUsuario, SobrenomeUsuario, TelefoneUsuario) VALUES ('Avaliação diagnóstica de matemática no domingo, 28/06.', 'Aline', 'Alves', '(11) 91916-4752');
INSERT INTO Aviso (Texto, NomeUsuario, SobrenomeUsuario, TelefoneUsuario) VALUES ('Formulários de avaliação docente até 01/07 no portal.', 'Mariana', 'Pacheco', '(11) 91960-3697');
INSERT INTO Aviso (Texto, NomeUsuario, SobrenomeUsuario, TelefoneUsuario) VALUES ('Visita técnica à usina hidrelétrica em 10/07, saída às 7h.', 'Lucas', 'Oliveira', '(11) 94257-9928');
INSERT INTO Aviso (Texto, NomeUsuario, SobrenomeUsuario, TelefoneUsuario) VALUES ('Campanha de doação de livros inicia na próxima segunda.', 'Natália', 'Medeiros', '(11) 92790-5073');
INSERT INTO Aviso (Texto, NomeUsuario, SobrenomeUsuario, TelefoneUsuario) VALUES ('Limpeza geral no campus prevista para o feriado, dia 07/09.', 'Aline', 'Alves', '(11) 91916-4752');
INSERT INTO Aviso (Texto, NomeUsuario, SobrenomeUsuario, TelefoneUsuario) VALUES ('Acesso ao Wi-Fi central será interrompido para manutenção em 23/06.', 'Carlos', 'Freitas', '(11) 97543-6930');
INSERT INTO Aviso (Texto, NomeUsuario, SobrenomeUsuario, TelefoneUsuario) VALUES ('Feira de profissões no estacionamento principal, dia 05/08.', 'Lorena', 'Ramos', '(11) 94770-4608');
INSERT INTO Aviso (Texto, NomeUsuario, SobrenomeUsuario, TelefoneUsuario) VALUES ('Pintura de sinalização das salas será feita neste fim de semana.', 'Daniel', 'Moraes', '(11) 91009-6310');
INSERT INTO MensagemEnviada (IdMensagem, NomeDestinatario, SobrenomeDestinatario, TelefoneDestinatario, NomeRemetente, SobrenomeRemetente, TelefoneRemetente) VALUES (1, 'Larissa', 'Campos', '(11) 96413-2160', 'Bruno', 'Carvalho', '(11) 92654-7227');
INSERT INTO MensagemEnviada (IdMensagem, NomeDestinatario, SobrenomeDestinatario, TelefoneDestinatario, NomeRemetente, SobrenomeRemetente, TelefoneRemetente) VALUES (2, 'Renata', 'Pinto', '(11) 99830-5304', 'Aline', 'Alves', '(11) 91916-4752');
INSERT INTO MensagemEnviada (IdMensagem, NomeDestinatario, SobrenomeDestinatario, TelefoneDestinatario, NomeRemetente, SobrenomeRemetente, TelefoneRemetente) VALUES (3, 'Camila', 'Almeida', '(11) 92519-7224', 'João', 'Silva', '(11) 92824-1409');
INSERT INTO MensagemEnviada (IdMensagem, NomeDestinatario, SobrenomeDestinatario, TelefoneDestinatario, NomeRemetente, SobrenomeRemetente, TelefoneRemetente) VALUES (4, 'Larissa', 'Fernandes', '(11) 94733-5741', 'Gabriel', 'Nascimento', '(11) 96635-5333');
INSERT INTO MensagemEnviada (IdMensagem, NomeDestinatario, SobrenomeDestinatario, TelefoneDestinatario, NomeRemetente, SobrenomeRemetente, TelefoneRemetente) VALUES (5, 'Matheus', 'Ribeiro', '(11) 95422-4598', 'Diego', 'Monteiro', '(11) 95386-2084');
INSERT INTO MensagemEnviada (IdMensagem, NomeDestinatario, SobrenomeDestinatario, TelefoneDestinatario, NomeRemetente, SobrenomeRemetente, TelefoneRemetente) VALUES (6, 'Rafael', 'Rodrigues', '(11) 95552-3547', 'Maria', 'Souza', '(11) 93286-2679');
INSERT INTO MensagemEnviada (IdMensagem, NomeDestinatario, SobrenomeDestinatario, TelefoneDestinatario, NomeRemetente, SobrenomeRemetente, TelefoneRemetente) VALUES (7, 'Paula', 'Dias', '(11) 95371-6573', 'Mariana', 'Mendes', '(11) 96155-4483');
INSERT INTO MensagemEnviada (IdMensagem, NomeDestinatario, SobrenomeDestinatario, TelefoneDestinatario, NomeRemetente, SobrenomeRemetente, TelefoneRemetente) VALUES (8, 'Ricardo', 'Marques', '(11) 92545-2588', 'Larissa', 'Fernandes', '(11) 94733-5741');
INSERT INTO MensagemEnviada (IdMensagem, NomeDestinatario, SobrenomeDestinatario, TelefoneDestinatario, NomeRemetente, SobrenomeRemetente, TelefoneRemetente) VALUES (9, 'Paula', 'Dias', '(11) 95371-6573', 'Felipe', 'Araújo', '(11) 96925-4150');
INSERT INTO MensagemEnviada (IdMensagem, NomeDestinatario, SobrenomeDestinatario, TelefoneDestinatario, NomeRemetente, SobrenomeRemetente, TelefoneRemetente) VALUES (10, 'Daniel', 'Moraes', '(11) 91009-6310', 'Mariana', 'Mendes', '(11) 96155-4483');
INSERT INTO MensagemEnviada (IdMensagem, NomeDestinatario, SobrenomeDestinatario, TelefoneDestinatario, NomeRemetente, SobrenomeRemetente, TelefoneRemetente) VALUES (11, 'Ricardo', 'Lopes', '(11) 93621-7916', 'Ana', 'Santos', '(11) 94811-9279');
INSERT INTO MensagemEnviada (IdMensagem, NomeDestinatario, SobrenomeDestinatario, TelefoneDestinatario, NomeRemetente, SobrenomeRemetente, TelefoneRemetente) VALUES (12, 'Bruno', 'Carvalho', '(11) 92654-7227', 'Diego', 'Monteiro', '(11) 95386-2084');
INSERT INTO MensagemEnviada (IdMensagem, NomeDestinatario, SobrenomeDestinatario, TelefoneDestinatario, NomeRemetente, SobrenomeRemetente, TelefoneRemetente) VALUES (13, 'Pedro', 'Costa', '(11) 97912-1520', 'Gabriel', 'Nascimento', '(11) 96635-5333');
INSERT INTO MensagemEnviada (IdMensagem, NomeDestinatario, SobrenomeDestinatario, TelefoneDestinatario, NomeRemetente, SobrenomeRemetente, TelefoneRemetente) VALUES (14, 'João', 'Silva', '(11) 92824-1409', 'Juliana', 'Gomes', '(11) 96977-3664');
INSERT INTO MensagemEnviada (IdMensagem, NomeDestinatario, SobrenomeDestinatario, TelefoneDestinatario, NomeRemetente, SobrenomeRemetente, TelefoneRemetente) VALUES (15, 'Daniela', 'Serra', '(11) 91821-8811', 'Matheus', 'Ribeiro', '(11) 95422-4598');
INSERT INTO MensagemEnviada (IdMensagem, NomeDestinatario, SobrenomeDestinatario, TelefoneDestinatario, NomeRemetente, SobrenomeRemetente, TelefoneRemetente) VALUES (16, 'Larissa', 'Campos', '(11) 96413-2160', 'Aline', 'Alves', '(11) 91916-4752');
INSERT INTO MensagemEnviada (IdMensagem, NomeDestinatario, SobrenomeDestinatario, TelefoneDestinatario, NomeRemetente, SobrenomeRemetente, TelefoneRemetente) VALUES (17, 'Tatiana', 'Cardoso', '(11) 99085-2489', 'Rafael', 'Rodrigues', '(11) 95552-3547');
INSERT INTO MensagemEnviada (IdMensagem, NomeDestinatario, SobrenomeDestinatario, TelefoneDestinatario, NomeRemetente, SobrenomeRemetente, TelefoneRemetente) VALUES (18, 'Lucas', 'Oliveira', '(11) 94257-9928', 'Juliana', 'Gomes', '(11) 96977-3664');
INSERT INTO MensagemEnviada (IdMensagem, NomeDestinatario, SobrenomeDestinatario, TelefoneDestinatario, NomeRemetente, SobrenomeRemetente, TelefoneRemetente) VALUES (19, 'Fernanda', 'Nogueira', '(11) 98177-9479', 'Felipe', 'Araújo', '(11) 96925-4150');
INSERT INTO MensagemEnviada (IdMensagem, NomeDestinatario, SobrenomeDestinatario, TelefoneDestinatario, NomeRemetente, SobrenomeRemetente, TelefoneRemetente) VALUES (20, 'Bruno', 'Castro', '(11) 91964-4750', 'Felipe', 'Araújo', '(11) 96925-4150');